user_id,candidate,ground_truth
1,256 1306 333 1486 1142 518 1247 2 924 933 1330 639 298 947 984 364 231 407 597 367,256
2,316 883 107 1295 63 1175 1085 145 1636 438 1617 428 60 1491 507 1650 1642 1349 855 983,316
3,181 741 1080 63 1235 228 1134 421 442 251 514 1256 67 239 1622 281 1147 769 178 1216,181
4,11 963 1586 588 926 1202 380 1514 683 1100 934 1108 1656 1652 954 837 1433 151 1570 1552,11
5,24 1211 942 1400 1261 67 1611 737 1311 560 764 523 1173 1146 1287 698 369 632 661 798,24
6,272 205 1277 369 1500 699 1252 697 1290 1442 372 2 853 1630 1412 1257 1341 1239 1269 1304,272
7,357 472 1303 1060 978 1327 779 903 1479 74 1309 1449 1110 1682 105 696 698 694 712 440,357
8,227 1335 949 1214 1606 340 565 1085 25 215 1233 929 432 321 383 1434 524 1538 683 567,227
9,483 1417 287 1516 1308 675 1539 765 318 829 485 1259 1559 944 1643 390 162 1065 323 510,483
10,340 1538 1026 814 1612 1552 1510 1374 1310 607 30 891 1655 1631 1226 900 925 1228 1142 836,340
11,51 594 155 347 697 1588 1125 1016 1350 961 1357 1352 941 765 764 275 1682 1374 570 1320,51
12,238 356 570 265 729 517 1561 340 1062 1382 415 1479 1100 1331 169 240 416 580 765 1672,238
13,916 1527 189 20 1466 367 1676 1481 1489 958 869 659 1659 760 1513 781 571 1580 162 1607,916
14,269 888 1216 1273 962 1540 1662 646 1226 608 1440 721 452 632 1015 1356 1383 1420 128 803,269
15,934 52 1584 1128 1558 1495 1235 994 1172 329 1466 1480 1329 212 1389 834 852 749 891 105,934
16,152 250 699 249 274 1191 992 1123 1230 869 256 619 308 801 1585 862 1670 1179 80 340,152
17,151 1128 1442 954 641 238 717 539 543 263 1393 1013 4 1487 1291 1557 660 620 1343 535,151
18,59 135 35 1540 24 1644 782 780 1516 1063 110 450 1668 927 1291 838 1402 888 1497 363,59
19,211 286 322 1266 1681 491 553 60 1361 1032 987 974 388 422 496 1265 1630 229 860 1500,211
20,87 592 314 255 1424 584 570 503 123 877 1107 1155 286 788 1351 1306 1463 460 441 97,87
21,675 1103 277 703 1052 638 845 18 114 653 306 54 456 764 335 587 628 1677 1342 37,675
22,250 307 178 334 1489 23 497 364 1068 1633 1340 1272 354 242 1197 121 475 1615 1423 1212,250
23,694 369 1468 280 158 1678 744 486 1391 835 309 729 1272 1561 937 1106 583 400 758 1226,694
24,655 442 1323 495 675 1159 487 679 694 1666 1364 361 1216 1015 808 946 82 1353 404 1422,655
25,204 315 282 1370 438 1607 109 755 681 1406 322 1224 1504 1169 465 1042 1105 913 1023 1317,204
26,1012 1322 249 833 1621 678 946 274 255 736 373 1650 242 1309 1348 1218 713 222 1235 41,1012
27,370 1329 20 543 167 1503 646 1417 1508 1574 1368 603 658 285 11 937 1067 150 1493 1165,370
28,223 473 1275 99 742 1389 307 1140 1512 1112 773 1403 1341 1385 732 1177 560 438 1317 1565,223
29,180 252 258 968 1475 398 1226 109 1540 1090 653 1659 1339 213 310 1457 456 673 392 1557,180
30,538 1080 916 395 840 1022 263 606 1595 1578 1657 408 365 416 1232 1336 1351 125 923 81,538
31,611 1487 274 1331 660 305 247 212 884 1564 1041 1241 907 999 1053 266 1658 657 625 341,611
32,628 779 565 120 1406 1242 1100 1195 190 746 646 514 917 919 604 1168 1424 491 341 928,628
33,348 1647 518 1389 422 1406 342 588 82 567 540 81 1653 1332 446 628 866 289 66 640,348
34,899 204 561 629 1310 1631 672 736 929 225 1594 1345 1031 1074 1104 334 1005 761 881 184,899
35,937 257 877 1393 688 1071 1216 1169 1674 233 1392 601 848 1154 1194 742 384 745 939 464,937
36,261 1657 722 1400 18 1069 818 200 859 1211 298 1416 97 811 1456 674 1268 1607 779 1348,261
37,172 927 1277 1414 936 1046 1086 460 103 1158 543 515 1105 19 120 979 1559 1381 1213 93,172
38,452 255 525 165 1171 584 739 1029 1046 106 782 1025 1547 1457 310 890 565 305 888 582,452
39,288 405 857 1127 945 187 826 1523 1106 406 778 1202 1025 873 555 1197 1086 497 1569 1147,288
40,754 1048 504 792 551 828 416 875 978 1404 1111 1358 83 838 1417 391 1444 1550 936 346,754
41,430 1312 819 894 4 402 77 1150 1153 263 133 692 675 104 389 1235 660 1463 1084 442,430
42,845 1217 714 787 1081 675 1345 657 1188 277 1265 687 876 1359 1498 1406 805 1331 708 333,845
43,316 1029 476 1036 767 615 1162 1544 1538 832 1095 1419 221 867 207 1118 855 450 365 873,316
44,183 1656 1313 162 564 1425 959 1343 517 1248 192 1540 369 1147 322 125 306 1322 749 26,183
45,820 264 8 1165 365 238 1224 450 799 931 392 909 459 107 1015 520 1095 1026 1678 737,820
46,125 710 52 449 759 773 1666 11 456 27 911 1346 222 708 275 1662 1260 1530 662 770,125
47,327 1137 914 1240 581 778 251 541 320 1235 830 568 879 472 1072 114 208 370 1125 1458,327
48,302 954 863 1402 1457 1628 741 290 1280 1221 920 366 1147 1548 860 36 1560 1056 1251 74,302
49,518 1014 1189 1166 1323 145 327 280 662 405 665 1631 1437 574 821 690 163 284 1193 542,518
50,123 283 729 995 171 1343 1006 1551 902 1009 1574 1297 1618 159 6 487 182 966 1199 1426,123
51,83 251 1576 487 76 760 876 1503 1474 622 1376 1 1658 100 1001 1107 9 990 84 951,83
52,191 193 1212 1402 305 27 436 1040 1565 869 1044 1136 1288 320 1026 255 190 543 1596 104,191
53,1087 535 1665 444 907 359 875 1327 7 814 144 841 123 620 1286 1167 1056 1289 395 378,1087
54,298 1655 199 840 227 556 1122 1314 232 480 502 1264 920 476 873 1278 802 373 1402 1184,298
55,79 1546 604 1271 1622 1227 628 24 1448 68 1600 489 523 290 341 1298 1612 986 955 918,79
56,410 770 370 615 450 1399 1123 1608 1458 1428 701 1057 324 224 677 278 418 1242 553 246,410
57,199 501 1641 1197 1503 733 87 1317 362 1515 1337 1146 885 858 330 1056 697 339 1286 1542,199
58,191 501 1526 1125 1583 679 582 185 402 41 2 515 1586 1348 764 424 907 1630 108 27,191
59,323 1564 353 1442 1226 153 717 1586 782 1336 384 587 20 1526 598 540 1233 1258 395 1334,323
60,272 338 1264 564 1043 418 630 1157 920 422 530 316 693 1177 1591 569 1538 74 797 726,272
61,347 131 683 1139 857 59 610 1545 1651 1249 1401 696 182 407 1564 786 1117 1157 662 266,347
62,1130 390 1020 244 850 402 1031 337 777 782 709 18 602 667 431 459 290 526 906 1281,1130
63,300 540 1671 238 775 1370 1555 70 826 406 1308 1467 518 1041 1404 1213 578 294 668 305,300
64,651 38 792 316 1467 1655 217 1461 1408 1523 41 497 522 681 290 898 1399 419 77 1125,651
65,185 70 297 461 716 1340 1618 93 1364 1267 650 1390 74 1633 1526 95 627 1086 872 994,185
66,249 1493 700 483 1192 42 1186 1335 580 879 1344 1441 1217 1244 349 27 102 1472 90 776,249
67,117 1107 1646 366 141 411 12 1018 1061 528 671 1025 1594 1559 949 1215 898 681 932 1194,117
68,178 611 1234 953 1170 202 252 1682 418 340 584 1547 1076 1590 355 577 1087 1676 1319 745,178
69,12 186 128 1629 1275 1094 194 615 1528 43 1633 1663 1512 1615 575 1256 1653 1437 426 1645,12
70,408 1609 589 1485 1344 1088 1605 1458 626 809 136 100 978 440 900 281 768 1185 456 1504,408
71,197 1491 1517 917 1235 1575 1133 1404 1535 625 1285 189 1452 1552 749 490 1153 1145 1050 747,197
72,198 736 1550 1341 189 1667 1399 155 1001 1375 1299 247 1518 488 378 1310 793 929 361 1665,198
73,285 960 654 10 14 1049 1445 299 631 1155 1558 1403 1410 1105 609 1321 648 1297 863 1135,285
74,508 1625 1216 983 1607 727 1118 650 511 478 1330 355 1590 54 1294 946 1204 439 1011 780,508
75,196 1426 1632 695 805 21 1133 1168 1031 1359 16 249 595 774 865 335 547 1640 239 452,196
76,955 487 1100 706 42 846 1316 649 690 693 1422 1437 437 702 1150 578 947 112 1510 1184,955
77,52 580 529 1279 1506 120 606 352 1473 1282 75 1607 162 578 1353 1364 819 1491 1536 940,52
78,237 706 77 1003 628 1221 154 1257 21 1092 1678 1557 1263 988 1272 683 1274 57 1069 203,237
79,7 752 1103 797 1047 841 1261 938 1101 1324 504 1425 1376 1478 1248 61 46 1119 1195 831,7
80,237 591 181 851 125 1262 163 958 1477 796 523 1304 68 184 1451 176 46 134 183 260,237
81,3 256 487 1283 372 470 597 598 454 1441 676 950 59 1271 763 1516 666 797 1491 246,3
82,310 1288 423 1315 941 1238 232 757 1362 1536 854 570 681 1281 466 1296 1470 833 1202 1081,310
83,298 965 1354 1553 290 1525 1469 622 627 1514 1456 1499 1308 1549 648 1030 250 970 995 176,298
84,385 601 628 728 458 1506 359 1217 202 1195 811 736 186 487 610 24 1054 1410 526 1108,385
85,182 1397 1227 1412 836 356 81 787 1502 1291 84 1051 1241 1145 881 1094 1447 1002 823 1617,182
86,683 669 832 840 847 31 234 1152 336 775 524 373 1174 968 821 1312 63 437 2 1236,683
87,1189 888 729 892 307 607 1267 544 522 1010 1612 29 1192 1022 1364 1672 935 1486 1663 1279,1189
88,326 1642 921 842 1389 522 1132 529 1681 1359 1460 639 1552 449 1307 89 476 897 814 891,326
89,187 1240 892 1574 848 202 608 1534 133 219 1597 1516 239 1678 918 1311 1644 1053 572 967,187
90,385 393 794 451 1365 1607 1448 1324 826 1077 1152 1206 767 250 946 469 1129 416 902 1524,385
91,230 369 1187 1252 446 995 1284 697 1309 965 254 1416 1330 7 962 1438 887 933 233 1102,230
92,307 997 534 495 1620 6 1621 826 1663 596 1375 916 1280 803 720 677 1051 498 1404 1150,307
93,235 1248 731 1031 875 288 939 624 494 1383 1299 24 1227 41 1265 558 1154 491 302 616,235
94,690 1349 342 1047 1307 477 1661 541 1175 1450 913 567 1411 1266 1085 531 656 391 139 1179,690
95,445 681 732 1138 1088 189 1308 1034 1256 1156 443 949 1290 764 217 1668 658 593 614 1140,445
96,1232 189 1624 1471 461 1180 915 779 191 623 970 997 543 18 1396 765 955 1633 1247 379,1232
97,434 1121 851 500 1070 1231 67 1111 907 273 552 1043 1186 507 853 1626 1295 375 176 173,434
98,25 162 855 880 861 18 391 1653 796 1404 1637 788 1009 966 784 1084 1361 1059 636 525,25
99,433 816 1309 1401 658 625 106 1569 1052 1590 1328 501 420 1012 1340 536 1076 1369 690 1519,433
100,272 849 71 401 1285 408 46 651 955 869 653 278 1123 1209 255 935 1049 920 989 1543,272
101,866 1200 1329 1640 109 1440 439 103 1199 926 688 873 386 877 990 897 140 483 1592 1035,866
102,202 448 316 25 943 65 796 438 1364 921 888 1479 252 646 1190 15 1199 1338 912 980,202
103,96 1550 854 1385 1592 1199 1375 139 698 1185 493 104 918 589 304 1208 1180 885 324 647,96
104,50 810 215 824 1317 22 654 950 1140 527 1037 413 695 697 1337 436 111 453 281 1024,50
105,327 767 986 1539 553 507 1355 1394 855 584 555 535 571 1511 557 825 731 274 389 1519,327
106,313 639 181 383 1259 654 813 1146 1496 183 624 208 274 1027 71 1389 278 715 1273 1538,313
107,312 1221 1318 1021 913 43 865 833 133 1019 201 193 885 64 495 517 403 335 551 228,312
108,290 740 328 327 773 492 945 1046 1123 1518 167 1207 1136 1200 840 782 77 38 1662 522,290
109,1157 1462 109 492 1182 367 663 906 101 1202 477 1241 1505 1148 841 587 81 540 1079 1276,1157
110,94 1373 1012 664 821 1038 885 1290 39 1432 365 509 795 1142 459 1388 618 603 784 922,94
111,286 889 78 1656 1334 713 569 467 412 1194 1122 332 397 149 8 1519 1133 360 1259 1261,286
112,339 1493 1225 1114 1392 1375 954 1444 1172 513 1432 131 538 1480 867 1595 274 537 1649 1622,339
113,975 1249 195 886 934 928 292 157 300 1362 148 673 321 1104 1195 59 1515 1031 265 1468,975
114,522 1208 688 690 1248 643 456 785 403 810 772 1183 971 794 1378 498 1170 378 50 1462,522
115,178 333 612 200 1441 810 573 846 1223 1621 343 1271 91 162 120 1193 420 49 942 834,178
116,344 161 1350 1427 711 140 978 430 523 1340 1660 1133 1184 559 501 169 1520 1196 1535 301,344
117,298 1101 127 113 1391 197 1031 1429 891 1520 322 1654 1282 1302 198 725 1181 452 1084 158,298
118,1079 1300 1592 431 429 328 975 1010 101 1299 956 636 953 1575 730 1595 703 389 1619 1357,1079
119,917 290 1299 720 983 1220 850 686 1492 1565 1060 527 1525 1252 945 976 992 1121 337 1647,917
120,405 319 510 953 1052 915 1637 1674 262 459 828 906 453 882 102 402 1500 1039 1444 811,405
121,717 1528 825 180 997 798 1610 146 194 78 795 984 1285 420 573 890 847 617 1113 789,717
122,1044 485 1202 1117 801 751 887 769 779 1049 355 350 521 1000 1046 1281 1173 1011 448 1381,1044
123,276 1289 1057 191 1395 1476 800 401 94 351 534 735 566 492 1526 747 265 761 969 922,276
124,195 1623 119 833 1309 834 1359 1311 1508 1253 206 888 81 1524 840 953 487 177 589 1501,195
125,158 639 620 131 398 823 309 313 112 1585 875 1391 1025 18 70 1040 397 350 536 1497,158
126,881 431 1682 56 691 19 1044 1608 1250 1391 638 734 1209 1234 869 219 155 640 221 1604,881
127,62 817 627 69 693 1576 1036 1480 776 1052 1461 592 844 679 603 542 1654 1020 1081 1227,62
128,88 913 1269 72 682 1676 878 1637 989 134 1124 1425 1496 1216 571 477 934 1583 12 558,88
129,906 448 696 1668 424 1385 1679 794 1267 328 403 825 113 1413 246 575 439 698 1195 158,906
130,669 1420 9 931 885 1452 992 230 16 1380 783 459 1017 1194 963 1228 580 1255 287 436,669
131,536 964 563 1034 1258 504 1625 1320 907 616 1540 410 347 1509 32 1369 1172 535 315 1377,536
132,664 1200 446 1103 895 120 651 947 164 1034 1096 1294 852 1353 1648 1168 325 451 590 1545,664
133,316 1487 1054 811 289 261 1272 1333 159 850 1505 1265 1091 1106 1569 820 286 277 1321 1216,316
134,1 206 243 593 1608 1542 152 996 1283 1368 198 1207 466 1403 188 1600 775 1612 1560 83,1
135,77 402 18 1447 1494 247 1417 1254 394 1036 273 1339 81 486 376 1228 730 33 1475 648,77
136,525 1474 636 1405 1496 248 1286 989 556 1401 1100 933 867 456 460 1126 741 750 967 815,525
137,261 1177 939 1419 1382 1482 1615 1361 1265 1073 551 1485 85 1221 661 684 1136 449 961 741,261
138,602 511 1034 857 747 200 984 1387 123 1028 850 1361 542 1062 1212 1495 456 473 109 541,602
139,127 1420 29 1293 966 854 230 521 935 88 1078 1323 1403 789 317 1457 497 940 23 1521,127
140,880 41 1425 817 1342 1553 107 703 1173 885 372 167 1139 1005 1254 1076 877 127 1194 68,880
141,300 1517 904 1161 998 166 1612 704 308 1440 512 1092 1374 343 297 443 139 2 667 873,300
142,42 641 115 1322 214 802 1618 1264 539 751 996 1525 121 1072 1624 1230 763 292 361 1271,42
143,325 1656 676 501 1514 750 668 498 729 444 248 938 1048 808 1536 1616 1279 1666 340 819,325
144,480 1550 1569 1500 74 343 1072 1346 17 585 1448 1342 806 154 652 1005 407 1676 325 1478,480
145,354 1134 450 155 1349 759 1533 217 1517 415 1422 1248 656 580 598 557 1183 1664 70 221,354
146,336 1062 133 1360 882 301 1427 1305 972 810 115 986 225 1616 1319 1058 1209 534 1061 906,336
147,301 1297 1125 1661 1054 1260 841 691 1301 677 1123 87 859 1585 577 275 1649 1383 95 1664,301
148,993 988 1350 666 632 1450 1342 968 1495 1366 1038 371 1309 460 1387 1168 747 1514 1080 211,993
149,340 930 30 1296 557 248 263 668 526 47 1330 933 121 733 454 67 469 847 1345 912,340
150,410 932 1294 267 242 78 247 1197 1533 1112 125 1081 1223 620 212 327 1638 355 298 900,410
151,966 998 982 1259 1048 442 1455 544 1255 1122 768 649 818 447 923 1082 1301 376 1153 920,966
152,272 592 654 318 285 319 211 480 635 546 658 1228 1366 644 1252 1178 489 1374 815 1389,272
153,258 969 642 338 143 689 1583 780 825 1591 237 482 204 1296 1500 1033 1152 1659 514 164,258
154,187 1011 55 29 1043 1314 520 217 835 17 231 644 768 385 672 1396 977 1021 1326 1584,187
155,306 871 812 1448 294 1471 1365 1033 301 1554 1680 1444 515 240 526 659 696 1618 1624 315,306
156,510 875 1073 329 1391 1429 1449 214 1471 231 1173 172 814 1463 729 924 1302 685 293 702,510
157,407 563 1498 919 1259 359 1106 154 248 983 1004 1005 711 812 701 830 685 546 596 707,407
158,290 1079 401 1377 702 846 132 1196 253 531 1475 1124 390 1621 170 338 78 46 777 1143,290
159,259 1407 351 1568 1485 1039 781 365 1059 899 1678 1469 782 1141 765 284 124 263 1058 215,259
160,302 274 1539 382 769 615 366 216 217 1560 469 639 1025 1024 951 1058 795 584 1184 1107,302
161,69 922 447 1123 1467 127 545 812 805 1173 71 1232 293 549 730 1149 1499 1059 1248 247,69
162,710 538 127 797 636 302 1186 236 21 467 268 1345 663 1503 552 1157 987 1066 384 62,710
163,98 1546 351 555 188 734 1143 1185 90 1460 837 1408 85 443 300 119 377 1553 1448 913,98
164,934 844 1553 1376 32 645 1253 1264 762 1679 1577 1308 1344 1445 1204 649 898 1443 1359 1587,934
165,432 1551 1041 992 86 1504 38 944 1248 710 628 108 343 1099 1658 941 1610 3 1630 974,432
166,894 1004 1592 1136 706 391 1392 1323 202 1467 594 1681 411 110 1499 1339 89 1373 1035 794,894
167,530 327 306 1633 1324 1677 518 625 407 1591 393 305 1093 1405 1641 422 317 1481 891 264,530
168,225 322 353 1623 1189 327 671 263 1577 407 129 1033 338 1288 69 1486 12 549 1626 964,225
169,443 1189 1015 1642 1666 812 1409 420 380 547 1024 305 269 1575 83 1003 943 1568 70 638,443
170,749 991 768 1672 1592 1020 627 1426 1076 1325 1352 837 1545 420 429 1681 705 291 277 198,749
171,272 221 1217 1449 854 897 441 1167 439 112 1537 628 1647 914 1038 535 764 1260 1630 478,272
172,582 266 1327 886 395 1441 731 796 317 1666 223 26 1211 594 419 1479 1568 652 1017 812,582
173,292 82 1596 1082 1663 531 566 1205 664 710 672 479 5 235 511 599 991 624 516 549,292
174,238 30 815 1559 640 1666 621 663 1554 1590 1299 1681 635 1103 1490 171 1019 802 531 631,238
175,88 651 1059 10 309 1598 356 1576 913 404 515 1145 1322 446 951 868 442 402 284 1204,88
176,458 382 360 578 214 617 968 863 431 1677 554 1631 1246 958 953 1681 386 1595 1519 733,458
177,92 1023 755 1208 672 684 617 76 734 335 1637 1425 1386 208 787 1073 191 120 869 1415,92
178,342 1394 648 790 793 61 1531 1664 871 1623 1653 390 1348 1672 1299 925 487 356 1342 694,342
179,301 445 1150 191 450 551 1059 1383 1264 1080 77 749 826 192 1291 691 278 750 1010 1071,301
180,98 1024 1257 1641 696 855 608 485 666 139 84 1394 991 951 1596 925 1170 1025 584 971,98
181,974 1608 392 546 1005 859 316 151 497 460 1443 1130 133 1473 56 440 988 607 635 655,974
182,111 1585 392 1449 147 635 364 680 1058 1504 1486 1424 110 20 157 787 11 319 59 25,111
183,222 246 1198 71 76 402 28 518 1532 1118 803 1454 1294 206 1615 1384 1219 1453 502 1581,222
184,488 263 458 1227 1652 1373 559 479 897 1025 1521 982 1190 639 557 1512 133 877 1316 481,488
185,287 364 1298 774 1418 927 90 1379 815 465 1144 218 229 1122 714 1661 1068 179 803 1603,287
186,98 1509 1504 1008 1335 1455 973 1148 422 1474 1304 1375 277 977 181 216 1594 1174 1062 1303,98
187,462 1038 887 1329 1120 848 1486 1553 1446 276 1286 1627 126 646 1111 1083 1093 1030 1254 942,462
188,455 1329 741 969 297 272 494 939 310 413 1030 1096 70 1276 110 648 933 1019 554 613,455
189,150 736 1288 595 65 1164 929 1638 1007 1025 1364 426 1054 1329 34 535 476 1555 338 1465,150
190,405 12 1091 1049 1313 723 281 488 727 713 1015 568 1665 805 1268 1047 1475 427 113 1328,405
191,86 1631 502 188 215 1023 833 1352 252 583 708 1647 861 1085 848 1202 615 945 683 15,86
192,1061 193 1305 669 1166 622 1364 55 178 958 972 51 977 1114 1423 809 332 165 1117 387,1061
193,366 104 510 1439 1352 112 1163 470 1273 822 1534 1289 1225 243 743 1431 404 540 263 875,366
194,737 42 229 634 1290 1367 35 395 1202 1650 1656 548 284 1445 1274 681 166 424 231 1193,737
195,421 604 1646 1378 667 729 503 164 317 1340 1291 498 1489 595 1636 1184 777 961 1583 187,421
196,1118 1513 864 1129 239 142 1318 1140 920 1185 1378 1 1298 1646 1442 1643 662 135 854 627,1118
197,554 1564 452 842 1347 1041 603 986 1223 1624 1448 468 367 1410 1248 537 1340 374 1589 1454,554
198,942 747 234 1025 1175 1675 1056 605 1190 178 980 246 1525 1221 1632 1467 1256 304 1064 241,942
199,14 1418 1501 474 1068 1253 1184 895 830 383 701 647 470 1629 1061 140 1561 448 928 924,14
200,831 65 783 606 1436 1502 38 497 1329 1651 794 828 1076 988 436 1002 277 137 45 1440,831
201,227 1310 540 389 688 1391 135 554 37 1055 460 908 919 1223 1123 803 1405 1145 1050 865,227
202,484 1509 981 850 1228 384 1548 988 1007 583 1671 1628 1343 137 196 1018 1670 1528 767 777,484
203,93 620 1250 612 1482 555 1189 1374 1012 1343 715 1057 495 1547 1580 666 115 1665 964 315,93
204,297 250 633 1153 953 69 1645 725 1511 753 1119 271 1436 915 1280 1023 1298 1040 921 1203,297
205,748 882 1262 297 173 17 83 462 741 887 212 84 374 1471 1119 1071 347 85 361 1529,748
206,302 1402 777 352 894 1616 536 769 1387 182 1011 188 943 961 159 1168 74 1253 1364 1379,302
207,302 1155 769 890 1169 596 1485 1612 588 1469 614 151 27 1122 1194 1094 810 105 271 502,302
208,739 1410 1179 925 1445 1166 963 1033 1586 1261 43 1608 288 1372 881 13 25 1201 1025 1309,739
209,242 110 869 1041 1027 1649 1681 496 654 1468 156 88 635 1312 1450 575 369 253 1490 168,242
210,94 1565 489 497 888 668 1054 1590 75 1412 619 1477 1536 592 477 1660 1531 642 485 931,94
211,117 1221 194 704 1291 924 1385 846 929 725 1356 1119 1082 172 509 847 587 1224 394 272,117
212,511 201 1423 1184 530 996 180 1297 868 81 539 1368 1524 600 1033 467 667 918 1017 872,511
213,31 1021 1102 1367 364 166 1626 1647 1613 499 320 1424 1062 1273 607 1584 1353 224 1600 1174,31
214,98 800 948 1355 1146 1205 615 385 653 662 1606 797 1387 1628 913 1019 197 540 309 1062,98
215,226 1131 1202 925 1221 607 347 279 588 615 123 414 724 946 236 1547 108 1625 439 1140,226
216,216 48 224 1167 77 1404 1594 1165 472 1098 539 992 1065 1425 1448 1413 876 1014 1223 881,216
217,391 1672 950 938 976 1598 382 1588 557 1425 681 275 347 1266 1075 1405 676 1137 822 257,391
218,203 700 1142 375 962 877 1302 1015 238 612 38 1672 1086 1416 255 1495 267 425 496 904,203
219,906 674 1671 622 1122 798 1009 1238 854 280 697 967 876 873 1218 8 1511 590 1125 1171,906
220,298 285 199 654 550 544 437 208 1525 17 1357 325 1237 293 172 1106 1108 107 1026 1669,298
221,751 1463 958 311 276 682 31 1241 1249 556 946 540 1043 548 908 1443 800 317 352 901,751
222,1226 563 479 1354 1336 1151 858 291 158 375 25 148 736 894 532 1469 749 1582 1406 554,1226
223,155 1181 878 447 130 165 112 172 1190 1115 1523 689 889 585 562 520 917 1427 628 1579,155
224,239 1593 483 695 1554 795 891 1566 785 116 1172 1600 1603 236 1097 914 874 1306 1139 1345,239
225,604 1187 866 238 1257 1160 744 13 1473 424 1514 1537 80 556 685 364 772 11 68 390,604
226,250 1172 1388 716 846 68 903 651 669 737 681 1428 1446 189 1176 1481 43 645 392 127,250
227,1008 456 815 71 904 1018 750 1060 249 936 1094 799 1460 1177 273 1658 1142 425 316 1020,1008
228,812 1 29 1121 472 212 1219 1239 384 1210 387 100 193 934 1624 511 299 1662 205 1059,812
229,882 1419 413 404 1427 388 624 8 839 1118 1542 293 588 159 1665 1122 700 209 1221 1619,882
230,100 289 571 1027 1026 1664 583 473 1565 915 964 1480 593 184 792 800 1449 346 312 847,100
231,846 56 277 1257 73 834 1073 943 1010 1315 1419 1051 1039 1155 791 590 740 1248 527 347,846
232,4 626 849 1581 1070 935 651 879 1106 371 236 835 1278 1415 437 221 1063 1164 876 799,4
233,313 1162 252 582 1169 1068 1599 207 1563 920 561 1141 235 1621 1090 460 1070 51 1367 1026,313
234,152 1162 652 1341 49 450 1060 1006 386 1222 167 832 1011 1098 1147 1295 754 144 205 1093,152
235,52 338 1648 860 1252 1484 582 283 1507 136 508 1369 1623 578 764 592 660 439 656 1328,52
236,79 1077 1502 1035 833 1408 1046 355 1587 813 1384 1503 167 1042 115 24 342 1017 1150 1025,79
237,174 685 466 1047 387 507 698 1101 1598 1373 570 596 1284 41 1439 12 308 1481 643 1030,174
238,458 309 441 1416 116 1160 1471 1595 1166 124 60 1203 19 1400 832 1121 674 898 984 610,458
239,269 1357 482 1138 1399 142 1149 646 1435 967 1360 468 1347 298 1642 586 792 587 649 412,269
240,245 777 80 1016 1428 757 1573 912 784 50 1014 1227 154 342 586 1270 1116 385 861 1363,245
241,292 1055 968 553 975 726 262 1455 1235 1040 121 965 281 200 407 1064 162 446 890 1446,292
242,268 71 1651 1527 617 1531 315 1177 1138 337 91 669 1332 798 1627 1465 1345 654 861 1398,268
243,8 973 769 390 1325 1199 307 670 1163 809 817 729 1229 134 1175 36 1574 1130 1352 15,8
244,1057 1649 1012 275 523 777 1136 104 1073 1156 331 1319 589 431 1128 386 598 1624 649 1600,1057
245,258 1040 55 1167 657 287 1314 1199 150 1080 266 628 1070 703 1243 696 578 1216 69 544,258
246,816 1219 106 554 1632 5 269 1122 1569 676 1422 752 797 1444 543 139 943 1542 521 1530,816
247,258 1206 977 960 1004 326 680 521 742 993 477 618 1283 396 1031 312 24 997 1492 344,258
248,405 746 82 264 1103 681 1081 1296 1411 542 1483 1178 66 295 469 1173 1217 1095 654 369,405
249,216 683 1551 375 196 154 1549 1516 1498 1133 1505 651 577 233 925 924 1127 1205 181 1291,216
250,1014 778 774 1215 618 840 290 1143 561 1380 1168 1675 150 1547 1482 167 679 216 530 667,1014
251,25 1606 1364 1437 978 1525 1283 799 906 753 161 14 1317 113 695 851 1415 1587 287 476,25
252,124 1331 699 479 1041 1245 1124 274 1561 1641 350 1167 603 1279 1611 921 395 942 632 583,124
253,4 1679 1381 1054 1457 665 172 780 414 664 779 1395 1216 1172 769 55 572 111 1321 1530,4
254,258 758 357 938 966 251 882 605 1557 270 935 312 148 100 209 1394 752 393 330 884,258
255,763 1467 889 209 172 1099 52 1667 867 1500 78 260 303 1395 778 1045 1071 459 222 1422,763
256,796 132 1021 219 277 1062 448 1219 575 1159 658 1540 160 1644 1108 1347 461 917 91 424,796
257,345 1656 186 532 95 849 1096 1203 928 370 1060 279 1587 1407 417 350 1315 17 726 1192,345
258,873 776 202 1364 652 1040 1064 344 84 337 834 1472 170 1257 719 233 1179 868 1536 82,873
259,39 1149 395 61 120 1049 592 1063 766 968 1573 1529 1612 888 967 1325 1468 1647 281 489,39
260,322 24 1125 743 1 44 830 647 948 1204 426 1081 5 1400 712 671 61 1180 1533 673,322
261,125 706 1051 320 1220 509 1233 17 556 1440 1289 949 364 954 1161 1259 1625 964 334 1061,125
262,179 431 500 1553 710 911 1145 244 566 45 55 878 837 1103 335 117 468 821 998 1169,179
263,50 707 746 1584 1322 1465 842 1325 1374 1308 896 1376 1573 665 628 456 1158 1556 1529 1217,50
264,1009 883 614 1203 827 895 30 939 1315 1021 830 1404 1449 8 1471 861 608 1148 350 1001,1009
265,273 147 1095 811 575 1258 1544 1664 1007 1547 1617 1378 1246 10 1517 278 752 1467 807 6,273
266,9 1087 1536 1402 42 880 504 1257 466 90 1588 1306 1583 1302 1275 207 483 50 616 184,9
267,181 779 201 720 1320 599 416 1058 18 1337 351 1467 1278 886 554 1300 1345 1678 463 1105,181
268,178 401 429 515 1674 851 1680 1017 1130 600 537 316 1207 452 1672 1520 1465 1671 1237 265,178
269,1017 309 243 1515 372 1252 1343 223 1487 614 446 1097 1242 272 1450 542 1034 594 1181 809,1017
270,860 1606 1189 1548 870 938 1413 1625 1142 614 733 956 1260 1116 1146 1542 474 385 352 1051,860
271,248 1447 331 751 287 901 310 1449 422 608 477 3 829 288 260 1438 1204 1316 558 1285,248
272,193 112 600 1188 767 901 1510 1556 928 476 66 252 744 151 718 308 108 542 1482 1157,193
273,316 1201 1501 1496 606 458 200 343 452 988 1283 47 1327 1449 1648 109 560 958 389 528,316
274,88 219 1049 570 953 1389 1657 1299 259 1497 195 1530 361 1556 1604 1413 847 265 1651 1116,88
275,423 109 823 557 1202 819 1454 1669 914 1034 1030 1493 1502 864 1674 1227 1294 434 218 114,423
276,915 741 604 1509 906 1349 861 46 384 1631 1554 876 1488 1102 599 18 166 811 45 562,915
277,302 1458 1227 927 1320 880 1159 791 1335 76 13 1508 326 1046 1460 705 985 423 1670 231,302
278,173 1251 1161 1483 1028 927 1380 1331 157 993 939 1245 208 835 42 589 1404 48 828 924,173
279,269 415 1236 975 1307 161 663 104 698 1241 1090 495 1471 1366 127 447 160 26 275 1258,269
280,385 615 608 583 16 1604 1056 452 511 1150 1090 785 1571 1222 1218 692 1477 1594 1236 1190,385
281,322 438 1316 79 681 1283 1449 1462 573 1556 1085 1222 722 435 219 357 754 274 609 981,322
282,343 628 1340 207 1365 1269 1522 67 1592 1182 1661 736 1339 372 541 749 470 1386 181 1205,343
283,433 660 133 1043 1375 299 1509 207 911 1662 102 532 648 1298 235 735 1226 1569 727 569,433
284,315 535 1611 1568 632 929 696 580 477 1595 1295 607 244 1235 620 364 684 1168 869 628,315
285,205 1221 1097 535 1397 1491 1257 338 412 1472 568 985 553 1414 32 220 472 798 1124 1052,205
286,1060 53 1185 1295 1485 1058 1146 1392 241 1570 917 1500 947 1600 731 713 771 368 1536 1003,1060
287,291 560 574 724 1587 1012 1129 1401 639 642 205 353 1586 492 447 1400 622 1598 1275 1583,291
288,435 128 1284 1433 1407 440 243 866 171 139 591 1641 148 721 622 1597 1486 207 634 1099,435
289,455 394 1398 939 1108 486 325 1001 61 143 334 91 1323 173 1181 538 309 1319 515 80,455
290,120 829 1182 696 58 467 520 1058 1393 1623 1050 1213 252 752 454 309 72 688 229 1437,120
291,496 489 1026 1488 1638 1204 1274 575 1216 1433 1185 1165 726 113 1051 795 271 540 792 1548,496
292,2 41 1227 434 1271 972 1608 1137 1354 310 1333 53 1490 519 532 284 865 1386 1673 1363,2
293,416 361 959 1253 409 624 1106 1325 1386 444 362 648 1220 38 43 63 983 1385 230 1469,416
294,902 502 1121 887 837 680 143 1520 165 571 40 1223 489 1210 227 1425 1678 223 1392 1481,902
295,461 261 360 1621 1097 1523 1021 1252 658 1254 1379 1543 1395 523 183 179 1363 695 1235 677,461
296,209 457 1450 1355 827 1387 403 78 1196 899 1084 1247 1642 1567 13 1561 583 1044 810 1581,209
297,752 441 801 764 1093 1295 355 416 1622 629 1342 1128 469 1081 1575 661 443 536 604 1272,752
298,820 634 1603 1272 1165 924 513 730 906 1519 821 928 492 1420 937 1029 188 1463 1521 817,820
299,915 1198 568 1138 1099 676 1385 239 234 801 1100 1217 449 1441 467 733 1018 954 1328 848,915
300,1012 475 245 1004 976 1490 193 20 467 772 614 1166 252 1215 91 539 351 328 1152 757,1012
301,719 1302 1043 567 704 983 718 1408 255 1325 1102 302 1663 167 317 221 642 1460 1215 622,719
302,271 204 18 353 765 1321 1387 739 485 98 1544 580 825 556 272 317 1126 722 274 593,271
303,249 1443 1576 1143 1156 883 338 1386 125 1593 398 1377 1152 1120 1378 1481 1216 625 1501 136,249
304,274 1327 869 31 135 1179 416 723 127 1165 766 913 746 812 776 1313 331 894 1018 1431,274
305,778 1349 874 632 943 1659 403 1107 509 1612 1412 306 1232 1064 412 689 417 368 825 1471,778
306,1514 181 155 1641 1344 616 1389 87 1120 500 1293 1115 1628 542 1440 869 1103 1322 1187 199,1514
307,313 368 1318 1017 1037 479 1568 110 1134 1412 1600 701 1015 425 667 1164 1325 126 1341 625,313
308,122 190 65 1102 406 838 245 503 990 1252 1511 1238 957 790 1003 1020 1313 400 951 167,122
309,319 1196 1577 1431 166 1502 1266 1140 727 833 712 2 660 1053 1188 1509 466 509 1449 947,319
310,257 773 1445 1472 1446 817 352 1588 17 1009 200 1232 357 250 1226 171 897 1551 992 248,257
311,9 1059 661 113 1153 998 613 481 1310 893 1167 666 680 353 263 1076 1673 713 257 838,9
312,835 843 1163 869 15 1341 801 1411 1087 383 103 788 426 1134 1403 969 1098 1187 632 916,835
313,1210 1245 835 447 1156 1517 522 1665 990 1369 994 656 1257 1180 1332 1221 1436 493 1181 460,1210
314,1145 633 139 490 187 681 1146 287 1487 1423 1501 495 1308 266 1089 424 1205 634 1456 1357,1145
315,305 1416 862 908 735 636 834 877 710 1648 1582 1454 1607 1522 1620 954 566 379 1653 86,305
316,582 577 1173 1054 802 1038 605 401 1360 32 1164 1026 896 880 1490 1597 332 149 1529 570,582
317,260 140 1616 1475 9 327 236 98 231 1366 497 962 655 692 1666 988 810 1205 1590 555,260
318,158 786 2 731 1564 650 931 311 549 711 1347 1613 1637 188 1119 222 532 1344 1134 327,158
319,880 1005 729 628 1317 365 155 473 1241 1462 483 1058 1455 597 1181 1482 182 972 1311 1107,880
320,250 1008 1162 1522 1294 993 1325 1050 538 914 390 1109 478 1637 1017 133 57 687 1286 242,250
321,428 279 589 1072 253 1045 866 116 283 179 6 1584 1119 623 310 408 1473 534 1635 110,428
322,528 1018 30 289 262 983 200 86 663 612 586 930 117 203 1571 1108 380 485 1588 428,528
323,64 1576 52 1002 1119 877 1074 197 969 1569 377 1151 106 1613 725 1562 578 866 392 596,64
324,846 1217 79 52 545 1174 1482 486 376 1679 78 1446 1137 992 1433 157 1600 887 1505 1170,846
325,386 42 680 236 1475 68 1091 776 1391 290 96 583 807 399 790 376 1472 277 725 1410,386
326,445 1586 693 1623 893 1585 374 998 512 720 1337 452 1126 331 1449 1533 414 1143 1146 284,445
327,435 1549 1585 1086 1477 186 653 863 1587 299 331 1096 1473 449 1372 1077 1441 1056 1394 254,435
328,1483 798 1477 1022 1267 1044 1279 859 974 179 1517 555 911 450 912 475 1090 937 335 1364,1483
329,651 910 760 240 702 1516 473 72 1468 1670 294 500 991 949 476 468 1303 395 1588 1433,651
330,215 1664 150 358 567 182 362 1607 1498 906 863 1002 149 1597 454 361 372 1310 1248 767,215
331,268 1312 156 335 119 1503 1560 1017 434 969 1531 1230 249 806 102 260 1377 794 190 906,268
332,728 495 1066 1313 1314 1613 1467 687 705 1569 912 900 1035 402 818 696 1211 1328 1048 629,728
333,100 1187 47 302 1298 166 813 787 1514 1374 645 343 1029 1124 306 643 426 974 1618 825,100
334,1525 1138 1055 1540 951 1646 1037 520 102 1542 1162 60 1346 1115 1033 90 383 453 1626 1018,1525
335,322 209 391 993 1503 807 599 1460 1344 444 59 1469 84 944 515 1394 1013 1292 324 1252,322
336,121 777 793 1106 1404 183 813 494 1594 491 562 1075 1031 982 1159 1558 417 623 969 1260,121
337,631 1445 1358 1431 186 1631 180 1057 238 922 774 1356 787 548 1309 1272 1662 1135 865 1205,631
338,382 1369 268 618 1085 759 1062 1105 583 1607 1300 695 1017 25 283 872 1009 349 1655 1137,382
339,194 725 598 255 1283 1042 529 254 418 1476 1355 1275 321 1232 970 672 1643 1186 1129 1369,194
340,405 820 1614 268 1083 538 432 919 1004 904 1580 75 1184 1362 1408 241 1146 965 347 421,405
341,330 24 629 306 1069 382 1491 145 1631 391 1051 250 1260 1450 1324 793 1017 1302 239 1165,330
342,428 521 1137 69 1255 450 280 1410 437 68 1054 999 1310 118 1297 343 81 1006 63 34,428
343,510 913 1434 534 1336 1626 1430 1662 1584 89 664 1598 1029 374 239 1480 1362 351 844 437,510
344,1014 1141 88 1660 307 1645 1649 1222 346 1640 1016 1341 805 717 832 484 1275 1528 539 1374,1014
345,293 365 1419 934 1555 1096 554 1608 392 633 1329 280 721 559 1 836 870 1521 409 1295,293
346,1217 252 1438 1401 713 1503 649 1318 266 35 1158 890 205 867 1576 590 633 1680 915 1607,1217
347,85 422 1556 162 1309 1612 1176 1548 1664 1086 949 151 1333 1164 1109 1425 1608 1542 1555 1244,85
348,831 593 1073 247 929 1350 1012 11 1289 1241 885 1053 1403 570 562 512 1302 672 477 1199,831
349,125 498 1337 870 376 1259 515 560 1332 550 1455 359 1211 205 1667 56 620 242 455 379,125
350,98 1206 27 1204 490 1483 1444 4 306 1502 7 618 1374 10 848 510 1429 332 1413 1086,98
351,1316 523 1506 384 151 1493 1605 1130 1332 743 1630 1568 1166 503 577 1401 4 1559 122 252,1316
352,234 337 1554 855 599 147 1045 1182 1149 995 484 320 764 1598 355 278 1542 955 279 42,234
353,313 785 443 597 888 779 427 60 696 1650 653 11 255 355 571 672 802 1407 706 650,313
354,737 1107 1385 675 110 1616 1003 219 618 1013 1244 469 1117 612 723 374 649 1453 1296 71,737
355,319 1361 742 1454 958 1649 434 825 862 1356 474 644 933 1537 1185 218 1323 395 1463 238,319
356,748 1075 516 1400 913 1619 1614 317 1030 849 63 1552 627 1083 1661 1423 1142 723 801 243,748
357,105 1364 1668 67 558 362 372 581 1430 1240 658 676 576 1597 1586 549 588 33 1170 548,105
358,318 1082 373 1654 1135 976 1292 77 263 430 1556 1028 1433 672 741 1470 443 1495 568 22,318
359,268 213 179 719 811 242 35 16 462 352 1554 1186 1111 1326 844 553 743 221 960 544,268
360,172 247 519 1334 703 1613 1596 480 537 473 1495 1154 407 1075 921 613 1586 1341 230 846,172
361,269 1313 278 130 1296 1212 1424 302 1468 1099 320 1560 220 329 617 508 1 591 362 1036,269
362,332 1664 289 56 1607 1506 955 1495 1581 529 602 432 1647 113 690 589 1629 933 1464 1337,332
363,859 1024 229 971 1489 666 22 764 301 1620 1256 1450 283 784 1392 1642 753 1136 1202 1187,859
364,1048 98 1369 1318 223 743 1178 1120 1568 66 1244 1556 1602 796 676 447 885 1229 958 600,1048
365,287 1335 1390 1612 1284 1000 833 770 267 716 250 192 567 1614 1647 794 1359 306 1610 70,287
366,637 133 992 304 620 1646 134 731 894 1673 372 277 741 1511 1015 826 1410 961 1460 278,637
367,452 833 335 645 823 158 970 630 470 946 555 1301 1511 547 494 1515 1507 149 1045 145,452
368,127 489 373 418 159 685 784 650 404 1226 720 246 801 657 24 393 510 815 793 1289,127
369,196 1370 1427 1474 619 719 1274 600 582 664 908 1390 469 28 626 1236 768 573 463 1554,196
370,209 219 298 1025 246 1462 574 1630 1366 819 811 201 1164 497 787 19 481 1392 1480 217,209
371,77 1419 1434 347 936 1122 1546 509 1225 512 1026 967 930 179 1272 891 114 303 1514 560,77
372,1273 1399 573 608 493 992 1148 870 1498 72 1211 184 1504 1417 671 867 1508 1162 886 1064,1273
373,380 797 311 1537 1243 175 972 510 1271 1363 1356 800 353 1046 1035 803 1272 1216 477 1431,380
374,288 1324 1363 370 1287 753 417 1417 809 908 739 849 592 1398 1401 1160 137 21 674 664,288
375,1217 587 271 1504 597 1574 1085 418 1432 611 226 26 254 1612 95 1066 284 150 540 933,1217
376,762 1368 404 338 1337 982 162 367 1677 1600 190 880 281 1637 373 789 471 1468 723 724,762
377,234 609 58 554 2 261 451 15 1071 1393 978 126 118 1201 1654 306 1171 933 18 1165,234
378,703 992 584 1441 1102 1202 1593 1240 744 441 1307 854 877 1382 712 1056 805 1230 34 365,703
379,188 6 1143 784 1022 984 301 904 1506 837 812 1638 1145 743 1089 1277 1130 1085 1577 873,188
380,443 1385 240 510 371 922 1414 1089 44 1141 1375 274 364 363 1313 220 1156 985 1675 1282,443
381,294 1019 855 846 267 677 678 771 738 251 399 754 569 861 506 1457 1203 1123 1535 1170,294
382,334 569 1165 955 1553 1446 1549 653 69 1046 721 208 802 305 659 1558 582 131 1125 1547,334
383,528 1651 1435 367 1116 1070 858 786 262 884 1463 347 1607 1210 545 770 439 1002 1660 1117,528
384,289 815 1496 1429 1120 279 587 1341 248 368 1275 529 196 1462 138 980 1623 425 55 568,289
385,487 858 593 74 935 413 1555 507 426 1310 852 1102 1580 1284 953 822 281 1448 366 1176,487
386,825 1286 1520 1063 781 882 276 836 112 635 1310 689 523 528 1322 725 211 524 590 431,825
387,201 790 896 654 465 1542 709 1566 1591 1525 1213 599 665 493 1384 1446 743 1611 1452 1378,201
388,323 644 376 221 395 703 663 1288 228 1248 606 492 839 1035 137 1395 1605 909 1614 1172,323
389,347 1192 119 83 539 1538 1660 641 556 1607 1658 228 1680 1592 311 1210 1248 45 399 1028,347
390,283 589 1322 1266 329 191 1380 566 704 1114 1116 1161 648 576 1370 1404 1196 1618 1674 55,283
391,696 569 1370 1447 967 164 14 1237 1052 1123 817 900 432 1303 1353 424 1363 1549 1250 675,696
392,173 784 1592 124 627 192 637 948 375 264 70 368 558 1078 38 332 275 471 1600 1084,173
393,302 553 58 567 1089 387 637 809 271 1260 25 1332 636 61 1105 138 309 277 753 1116,302
394,313 1182 254 1521 908 221 1535 1435 846 213 558 1047 1243 242 434 820 1537 467 360 953,313
395,315 832 1547 1085 7 901 693 1076 1654 283 185 1094 1438 132 173 509 1394 381 501 1020,315
396,841 495 1291 567 142 1610 310 67 953 635 511 97 1584 518 645 318 562 1472 1406 115,841
397,346 530 200 1234 791 956 916 1024 1682 651 1428 632 1005 1665 792 802 1166 1349 1609 508,346
398,684 1356 883 372 1211 362 1259 367 1225 1540 748 285 776 1403 164 260 1227 142 499 1125,684
399,817 343 599 1424 613 178 1660 1678 1154 752 335 29 508 1103 280 739 1501 1120 379 261,817
400,323 76 1638 65 1326 862 88 1522 556 1584 806 1093 1323 402 639 732 1112 47 521 901,323
401,566 195 599 94 543 1640 77 293 1290 1066 127 1179 1380 785 42 1563 1317 1108 183 1537,566
402,95 1398 1513 331 448 472 1094 1376 180 1047 281 265 1625 505 800 1175 1509 767 297 390,95
403,476 1500 1119 846 899 466 671 543 1557 176 82 1480 928 1405 1433 1399 694 655 468 428,476
404,22 588 709 875 1365 1428 1413 1118 738 358 600 908 1123 288 1342 817 187 354 915 1614,22
405,794 938 75 1668 1500 564 206 327 919 908 760 1612 1371 1387 1569 1599 933 823 228 9,794
406,491 1394 1400 468 102 757 245 790 767 1207 1520 1222 336 1048 271 1489 886 1453 1457 1028,491
407,7 950 1158 1009 1592 1375 873 112 1470 1063 350 1273 549 332 167 138 1662 497 658 108,7
408,748 290 489 286 1391 920 88 513 35 652 1276 1477 1367 1009 1191 154 893 1199 196 1065,748
409,1099 1180 896 1154 1460 948 1453 964 945 1296 304 39 598 277 1402 1612 384 1658 946 1467,1099
410,272 941 700 458 726 1242 418 1273 575 521 779 776 672 169 1532 299 1308 414 1571 1075,272
411,1197 744 1431 42 380 1349 799 198 384 340 736 1582 592 1195 1338 357 1244 1102 337 160,1197
412,173 481 299 18 1015 246 358 45 282 1070 259 510 1059 1441 2 1446 1549 1360 222 1029,173
413,628 109 33 1431 1411 92 730 649 1219 677 392 1608 1556 453 204 593 337 575 1529 1549,628
414,100 348 520 1111 764 169 1667 179 515 1294 370 555 1535 105 751 1056 712 160 1233 145,100
415,185 60 1672 247 828 902 718 1502 1323 1163 296 1033 282 112 267 1426 1199 1229 919 1624,185
416,1483 359 1026 1052 673 647 586 1243 1088 1417 1385 435 1435 1351 1203 244 1650 1109 1440 819,1483
417,1016 826 557 997 380 1226 1359 1002 641 449 606 450 1532 446 1541 1649 408 862 1551 824,1016
418,288 374 592 1147 151 234 770 673 723 1289 221 1600 745 622 1567 1219 1105 602 737 1170,288
419,14 761 1150 1626 920 582 639 180 872 774 378 210 456 67 1058 1291 528 116 458 8,14
420,690 253 249 560 1545 1292 722 719 930 611 619 410 10 420 1600 621 1317 1068 939 803,690
421,87 1062 262 753 876 177 1065 15 33 1247 1466 1181 101 965 1143 1488 1650 391 1260 1575,87
422,441 1397 415 159 1368 619 320 73 752 1325 962 428 1415 1594 227 596 42 1424 1401 1627,441
423,10 1585 1117 972 1325 1287 1109 146 1477 1207 665 694 239 527 1591 1227 607 648 728 1568,10
424,25 754 1090 1203 331 932 729 1644 979 1537 1216 450 809 1031 398 1645 242 1557 466 451,25
425,198 939 669 1335 251 151 608 1002 94 252 856 443 1041 166 1319 788 1588 185 101 175,198
426,185 725 798 313 1473 891 1093 1007 276 776 251 451 1621 239 360 922 1679 1353 137 1595,185
427,334 1457 798 615 1337 1248 1624 1034 1054 1114 1509 43 1163 21 1049 1458 1583 850 1382 1168,334
428,316 1157 61 1490 1672 175 1404 31 1057 354 926 238 1358 1465 440 1077 222 899 92 835,316
429,510 880 1534 1640 1483 1183 964 748 1279 517 1176 1113 981 233 1234 798 1464 1579 839 600,510
430,152 1051 1651 1352 859 923 1589 206 39 1307 1161 1236 508 1564 1446 1462 254 498 79 500,152
431,538 587 215 780 1303 123 626 202 1176 838 902 482 179 736 240 1095 31 154 741 908,538
432,258 1030 253 83 92 1285 161 935 776 1111 1289 366 1244 482 90 1043 212 1439 1612 819,258
433,919 279 1563 483 405 488 197 19 1208 487 715 1086 1153 141 884 447 490 1338 368 338,919
434,476 1473 394 1359 998 282 1421 601 109 1138 972 1208 1431 1198 1641 736 1445 911 1447 1450,476
435,313 1665 345 1134 1199 759 1397 38 259 216 533 914 1299 192 938 1354 1486 1527 1567 1628,313
436,581 654 661 148 667 536 699 1386 1380 1405 781 847 713 801 867 1438 1550 1120 455 1138,581
437,955 1474 1391 1013 1237 996 346 592 598 1655 1008 1357 804 1624 121 545 844 768 274 1252,955
438,476 1236 1242 1418 1026 1279 199 1193 641 1478 720 1189 353 192 1528 1095 320 65 346 928,476
439,290 222 710 1357 408 284 1029 46 493 293 1193 1611 1492 1050 567 1469 778 825 64 617,290
440,515 1188 337 500 5 159 510 52 295 1347 643 187 158 707 420 1135 1178 909 1344 1657,515
441,282 468 184 851 739 1435 602 394 156 781 934 723 285 186 1505 1125 1478 605 610 972,282
442,159 535 865 1202 1390 639 845 1129 1519 1545 729 1375 834 1076 1111 1040 1491 1601 683 207,159
443,12 1515 487 1351 1437 371 1219 45 228 152 86 942 1419 1506 856 276 573 347 326 1571,12
444,269 728 193 816 1088 37 1141 1228 1596 1620 1295 425 286 1475 559 500 463 749 1041 1006,269
445,902 1323 858 332 1536 1074 145 709 413 776 1640 1137 1290 911 1068 397 222 76 1325 1167,902
446,302 1107 305 423 1064 775 66 932 289 1603 861 1186 1205 1308 1192 976 917 1418 1557 590,302
447,156 1257 1017 679 574 1185 790 33 235 444 1323 1566 1648 1451 1229 599 1105 929 598 669,156
448,884 76 1668 613 378 940 918 16 1278 1127 1221 263 264 770 418 654 1199 1255 420 757,884
449,337 407 1206 628 468 972 1050 1589 1552 663 1599 571 431 808 251 1551 1036 1115 312 1111,337
450,245 665 989 1614 224 619 254 698 693 567 1652 134 1523 982 1566 1065 758 1460 1675 1511,245
451,1022 875 1323 347 1256 1543 1510 63 426 618 1626 370 105 1129 320 1395 27 588 244 280,1022
452,631 848 412 1423 1649 554 1545 1293 775 926 725 1111 390 755 975 114 1151 511 1444 1313,631
453,73 1026 926 1364 945 553 93 1308 1513 1249 1010 1606 1531 805 1074 1365 572 1004 594 1521,73
454,1107 1342 1545 1234 1130 189 1179 1101 198 1045 164 306 1346 719 898 1053 242 1424 2 1209,1107
455,307 775 1411 681 1280 109 316 632 934 1274 503 1266 99 33 918 288 516 635 1166 1573,307
456,258 1063 371 1001 63 350 1654 1461 453 641 126 676 1408 1635 1300 1037 355 692 244 31,258
457,98 92 1006 939 949 1435 1226 1591 710 1080 312 1384 761 1361 1675 1228 1141 1354 1007 383,98
458,847 486 1234 268 1321 161 1290 662 1673 114 772 1250 249 43 541 1015 679 1442 669 1346,847
459,186 1679 812 341 1297 442 339 754 703 1339 891 1494 179 1511 1435 576 435 528 938 961,186
460,713 977 36 749 1119 640 641 932 1028 393 1636 13 1359 1128 400 1146 1328 928 1456 1335,713
461,9 1584 991 1307 1403 1661 1028 1073 1343 1330 1608 873 1266 335 1394 524 914 1211 600 900,9
462,315 902 362 933 809 1254 64 1345 397 1283 482 752 1388 979 254 1569 1492 46 1638 1641,315
463,50 218 601 1478 73 1360 1160 11 1542 1239 1409 92 850 138 114 37 738 233 1429 1073,50
464,603 1548 1498 397 1633 1552 931 1072 1256 1424 511 1512 1384 1521 1510 1224 1089 1563 183 1179,603
465,318 1194 1412 1575 946 535 948 556 1114 1677 759 1523 113 69 22 339 674 264 1148 626,318
466,357 1263 228 221 989 580 1212 1581 1476 1077 1251 1437 1363 124 942 1675 1009 1042 1245 277,357
467,288 1204 62 1384 1319 867 1032 986 1164 429 378 1506 53 946 1331 860 1110 706 1205 267,288
468,44 908 1250 1305 1628 312 26 936 278 1481 267 1251 956 183 1562 1532 945 217 1147 974,44
469,127 1554 724 1623 880 776 987 876 1007 382 832 472 1272 1436 1091 522 37 988 1265 762,127
470,181 1372 707 745 595 412 1084 1526 914 1580 245 371 523 300 1233 415 388 1194 231 404,181
471,102 1354 520 452 332 560 1383 527 1112 1551 49 1310 672 1333 1416 829 1523 993 1674 1242,102
472,549 1071 406 1246 710 640 327 671 663 1472 520 296 407 340 371 503 741 1001 573 268,549
473,256 304 233 1349 206 197 577 979 1068 1653 1372 79 1457 1576 74 648 702 190 1132 546,256
474,221 1495 1412 1602 330 167 359 1099 630 1281 447 399 880 1677 775 1171 620 1259 1222 1430,221
475,259 876 486 957 634 1414 1291 1499 700 112 276 1617 1286 990 1297 1236 1361 1483 10 701,259
476,245 138 1610 983 879 296 605 391 1189 450 970 557 563 179 164 1121 161 416 483 972,245
477,846 795 398 828 689 702 1356 1362 1466 652 186 662 1668 863 39 224 619 486 751 517,846
478,739 1473 1553 1130 1134 298 476 725 977 938 251 1606 103 791 918 1493 229 36 771 753,739
479,915 311 1352 1165 685 145 580 1242 1351 1541 1293 26 424 331 410 1321 41 847 1489 1459,915
480,504 742 597 182 928 87 157 371 358 235 13 1017 1168 901 1504 697 1266 1567 1410 592,504
481,202 30 10 744 563 530 569 402 1381 526 668 1482 1553 42 1290 983 303 971 409 813,202
482,298 1560 190 518 598 1112 261 759 350 1301 1139 954 310 1629 708 1243 371 1219 797 1155,298
483,1152 1582 613 777 195 179 1194 583 599 679 1377 1447 607 351 661 771 249 1525 1004 397,1152
484,197 1037 350 1006 870 841 215 568 1408 48 209 1283 1397 62 1092 1298 1373 1231 1334 970,197
485,341 1069 1409 105 779 1238 216 765 1045 775 19 122 1680 317 1421 934 931 424 1545 904,341
486,100 1368 751 158 1290 908 900 1180 200 741 402 1031 876 1484 12 1305 363 905 244 1215,100
487,833 777 1450 320 1107 1601 1226 29 681 1210 1159 411 1511 1658 446 135 1403 1457 175 476,833
488,185 1637 274 88 571 514 129 1112 1 91 224 629 1230 455 1368 982 1598 855 122 713,185
489,353 1664 1488 1218 570 839 1373 443 1446 824 382 865 236 1610 1002 251 1630 448 642 951,353
490,109 1363 525 1560 1213 317 831 67 95 994 1676 59 488 80 154 1600 900 1604 1208 1159,109
491,258 504 413 319 615 119 1533 884 1394 206 1269 1538 364 16 1193 1476 1510 1638 1309 1173,258
492,474 496 805 1472 162 545 657 188 1155 1487 529 13 206 1480 342 1206 1205 1467 263 1125,474
493,333 909 674 330 1404 721 1086 166 770 1586 20 736 122 408 493 99 899 1411 1557 759,333
494,126 1303 106 1237 1208 297 1370 491 178 1676 116 1037 621 430 872 451 360 1550 1537 284,126
495,120 314 1421 1376 450 1669 1384 476 624 897 1067 1646 1623 420 855 719 1423 1533 1505 921,120
496,87 326 995 1187 1366 782 974 1212 688 584 1653 654 407 573 968 1010 1634 1499 1059 439,87
497,584 509 1525 705 208 1200 840 848 1131 284 1536 1630 1196 1434 1502 1513 1118 1232 684 1202,584
498,448 181 447 1584 1337 150 411 214 1210 1064 511 1027 262 1290 1110 1231 1053 372 973 1568,448
499,902 1269 1223 289 1521 1140 1565 1374 498 1449 325 1400 1262 405 159 143 113 1221 1672 170,902
500,298 659 1389 1574 306 825 1047 1433 907 969 990 222 1204 95 884 12 1266 869 1364 1103,298
501,1007 1295 351 553 1292 1544 629 1178 249 303 135 679 163 187 1348 39 1396 769 858 1664,1007
502,687 1680 69 327 1506 299 1372 444 1248 1219 137 1090 1510 704 1618 1302 1117 1197 836 373,687
503,778 1131 677 1349 1505 734 92 715 514 1556 1257 872 1305 273 617 1499 1160 1319 1576 120,778
504,409 893 751 843 1303 386 1160 675 384 1204 325 109 112 1128 237 740 1254 1087 1302 1095,409
505,648 1662 1503 1186 226 1008 353 130 184 1112 1626 1586 293 781 453 103 485 1170 761 1291,648
506,568 735 398 1286 1476 734 370 572 499 257 1258 1342 1532 798 236 249 1179 1549 878 1266,568
507,118 46 239 902 858 1043 719 283 1075 115 90 291 167 1583 128 1282 1488 81 1018 1166,118
508,50 1356 875 251 1014 1563 732 1668 955 864 1031 953 1497 1231 65 383 139 781 687 679,50
509,50 99 1088 152 925 671 1050 1624 185 1611 1129 1089 1130 766 1214 1001 581 1165 1446 1073,50
510,678 1047 1625 167 498 737 44 960 1369 813 168 1524 1442 268 728 1658 1041 962 755 1198,678
511,294 1126 1677 241 969 462 860 563 1219 473 1165 1630 52 787 1413 1482 456 196 481 161,294
512,1 932 260 1169 66 417 790 1602 654 906 363 807 954 1268 802 968 1440 834 226 921,1
513,252 1272 1498 1289 529 935 559 1184 234 5 1268 54 1270 1250 1203 1382 924 574 1234 794,252
514,313 1187 984 1399 13 799 585 833 930 62 891 1424 1639 1631 224 362 850 134 442 1107,313
515,1399 632 518 1279 567 417 1104 1064 322 541 977 1371 862 610 130 321 142 1321 920 1375,1399
516,169 1640 1251 1015 1337 1326 1258 1410 1294 177 1064 1601 360 1261 1298 105 1433 1086 1037 851,169
517,1177 1265 1497 876 905 113 993 422 61 577 657 1490 1383 101 626 1139 523 1021 821 14,1177
518,280 17 1511 1579 706 1650 115 304 293 1408 1514 992 1019 281 1192 109 1278 262 84 786,280
519,346 1055 985 1614 993 380 422 1308 637 906 646 1180 728 1579 425 1107 1234 1195 247 251,346
520,283 1463 165 1147 627 233 661 1245 879 429 200 812 1491 1584 677 623 60 1635 358 830,283
521,68 53 439 190 894 579 285 1258 1041 23 110 1125 649 395 138 1637 931 1508 1624 622,68
522,530 1227 1320 319 326 1269 1176 1512 439 926 386 1519 245 1487 602 757 1596 236 272 840,530
523,727 875 1427 754 541 1647 1274 26 927 94 1673 787 1678 1283 818 672 1240 52 1674 685,727
524,898 1184 1545 998 263 165 1241 835 984 1273 1579 103 1063 611 618 836 625 1267 1644 1434,898
525,269 360 1133 74 649 1509 1135 1460 935 1538 1174 964 1521 1364 1565 1241 62 1402 1497 1303,269
526,248 1517 991 864 632 728 1110 802 1239 1455 823 1510 679 238 94 275 471 1015 459 1269,248
527,1101 1111 1062 795 1128 349 1582 403 1288 711 393 1585 263 1102 633 1227 1364 457 170 1427,1101
528,168 1178 1291 1309 610 1425 1194 609 499 889 1061 1186 1493 1636 1679 532 757 833 575 1463,168
529,875 503 1196 519 1597 567 1645 988 30 1056 477 564 1297 57 1160 978 1420 1318 1273 1400,875
530,1136 381 1118 1066 1009 379 625 1414 981 1561 1013 1591 751 29 955 182 808 551 92 1427,1136
531,313 1513 596 4 429 994 972 78 1083 772 205 1506 150 811 927 778 1184 867 1679 958,313
532,1011 1183 182 577 68 638 57 239 839 715 1334 465 1024 245 1233 1145 709 967 388 246,1011
533,297 749 548 1665 33 1237 6 1508 1585 970 686 1571 1022 1654 554 291 1139 263 135 841,297
534,763 490 646 601 1269 458 1362 1557 600 228 1601 495 138 1654 1638 1073 831 439 1409 12,763
535,258 1331 1106 681 784 224 928 1073 805 944 1579 1129 1495 332 751 828 476 914 1267 1432,258
536,94 60 750 244 820 1473 944 1323 648 980 1253 337 700 34 1436 32 1563 714 1006 667,94
537,715 606 506 1601 1460 1656 1358 236 717 667 93 708 184 1606 1613 239 155 392 194 738,715
538,216 270 1554 1536 1282 222 1029 362 893 1569 1125 1084 287 197 1252 218 1280 1378 1086 1128,216
539,215 1283 129 1620 164 102 981 1537 350 870 1540 818 213 593 386 577 651 471 1176 358,215
540,1226 655 963 229 611 1199 992 80 106 1209 1412 1281 1625 237 459 354 60 395 323 894,1226
541,225 1044 262 1653 1588 1305 454 1484 1139 539 263 808 387 672 718 124 1337 220 7 1108,225
542,12 1616 493 1145 1104 670 166 812 5 365 1174 920 239 953 1589 1223 177 555 1388 1394,12
543,936 1364 95 1591 1214 563 823 472 1185 1344 287 13 1427 1134 437 1177 870 319 1198 360,936
544,300 518 997 1620 1651 352 1431 694 1113 1176 28 411 422 1495 1391 874 45 206 84 567,300
545,578 1176 280 1290 908 1586 1229 1347 641 933 1567 904 1525 936 1269 1266 1500 339 1170 1643,578
546,590 146 388 1654 679 489 55 1672 1128 1547 630 1448 1404 265 598 1677 1439 511 196 832,590
547,319 1624 1476 1240 96 678 1007 752 1138 1533 1437 955 437 1574 1202 494 695 1548 1433 1319,319
548,1278 416 345 444 54 723 1659 387 1531 1298 886 469 1362 152 986 1399 29 1648 208 493,1278
549,237 79 1386 1616 770 578 1111 1338 1006 417 724 1275 324 1302 1563 940 532 57 1139 1497,237
550,15 513 171 903 846 1574 1380 1660 187 688 923 614 231 796 96 1429 948 874 412 103,15
551,780 1141 1452 766 1098 1669 1178 1298 1171 647 240 483 1278 1288 1026 828 905 560 252 552,780
552,121 1517 745 146 1175 1130 337 1146 1288 891 391 770 1200 274 1166 56 1486 1677 194 1086,121
553,661 1139 845 1561 1435 1572 296 1384 676 456 439 1236 571 802 749 202 1356 430 66 1015,661
554,328 894 639 473 131 110 870 1199 985 169 1634 843 1361 305 1042 938 1081 1650 1326 738,328
555,129 1319 74 1160 779 989 530 1538 1259 1424 786 412 598 156 986 1405 673 1657 573 376,129
556,172 814 399 107 498 690 1600 668 391 1191 641 1135 1562 699 712 466 930 1568 1193 1519,172
557,750 579 1042 735 248 1247 1401 229 1409 856 487 471 1186 409 1051 688 1469 1170 1092 1099,750
558,269 621 1261 1437 626 65 1355 1469 468 888 334 208 931 1382 560 1134 994 498 442 655,269
559,502 1472 445 464 784 1368 1584 489 1231 602 392 1569 387 821 1481 1416 870 1298 663 906,502
560,405 5 1246 41 1120 1604 1624 753 500 1442 1669 1647 1073 1110 151 1489 681 1075 76 772,405
561,1009 22 993 1245 254 1580 580 3 894 1304 1063 513 1368 915 841 648 42 776 364 1305,1009
562,504 424 1564 1571 1216 1612 383 438 1344 1664 828 1110 1175 1581 106 1285 59 1549 517 349,504
563,153 1400 116 1215 961 846 1167 1448 1379 1128 1443 646 1028 112 733 1681 1316 378 576 787,153
564,257 1358 130 1030 1277 939 1592 1237 633 301 987 574 516 1481 1064 153 152 1345 802 972,257
565,971 965 291 194 34 1550 939 1054 1662 287 926 1267 984 1612 512 774 275 644 647 1437,971
566,387 1032 542 814 592 374 1197 724 1411 1369 430 1581 1230 362 726 1271 1637 421 943 1437,387
567,248 1384 1277 1529 1420 1607 602 1524 1574 521 345 1584 1457 1466 229 531 1243 1143 76 163,248
568,529 1056 1550 886 1439 404 90 147 12 491 839 1092 623 379 1418 228 408 277 312 1083,529
569,287 1095 1611 310 667 453 1041 1580 1441 622 1578 72 1109 393 1468 1346 448 1176 875 678,287
570,327 34 642 879 168 1549 409 1421 1649 1003 1659 625 907 72 512 966 1511 1662 779 1307,327
571,114 1436 746 520 1055 393 145 601 1182 333 442 313 1525 246 614 1299 571 1464 1615 433,114
572,13 462 622 118 321 1030 353 1519 183 1483 280 1259 1168 108 1257 390 1389 395 576 1579,13
573,216 1301 1052 68 1318 1660 573 1305 1238 244 1372 1017 1271 1078 753 440 1605 1550 200 1022,216
574,100 785 54 896 1330 750 1128 1595 83 561 1028 615 1364 1055 292 291 500 998 136 1629,100
575,357 1156 444 1155 863 786 148 209 1442 141 925 1364 1317 1232 1324 1271 319 4 861 794,357
576,248 1544 1143 1616 60 488 373 1230 827 170 961 1043 439 651 42 1397 1082 341 414 1551,248
577,531 763 428 596 578 536 180 517 178 490 378 1102 1562 138 541 353 411 1571 1125 199,531
578,222 1333 121 965 1559 1234 1645 928 345 1191 1431 1302 408 1042 560 1613 20 1576 877 456,222
579,845 104 513 1503 456 325 1055 627 1478 441 640 480 514 1208 360 1646 376 818 1665 1046,845
580,3 1081 772 212 802 1478 1635 1334 570 11 794 1562 1055 510 1553 1669 865 1506 1230 1138,3
581,919 1597 11 1016 1011 220 186 331 77 36 1187 1260 1412 1058 278 1253 1064 1050 1659 164,919
582,1215 568 1505 566 1673 489 1244 739 500 1533 1095 548 1235 553 1554 1316 611 1164 1614 1283,1215
583,425 1463 1060 664 49 28 738 1006 1440 256 99 1625 691 629 449 332 447 37 153 1583,425
584,40 919 911 650 164 877 881 1457 589 976 595 1007 722 1479 610 157 1214 1507 1003 261,40
585,70 1509 662 859 1615 234 867 989 1159 630 161 254 1655 709 817 1075 1500 1428 1667 490,70
586,358 1460 877 297 987 1337 275 1125 256 1647 349 814 1079 1087 318 1334 1449 1224 141 776,358
587,1625 166 1012 632 555 1339 640 209 550 32 109 1163 383 360 1246 1321 669 247 1637 1428,1625
588,570 601 46 1012 397 710 1512 838 858 888 110 289 1419 1036 646 1593 743 753 756 137,570
589,689 561 1266 1355 769 641 1042 135 591 958 1406 1426 402 629 727 255 237 1276 1236 1369,689
590,1331 937 1658 1135 690 940 1176 497 250 264 945 541 1609 1332 817 66 799 1034 997 556,1331
591,856 1390 112 1262 1558 1296 1495 668 249 445 103 351 1304 345 1540 307 397 734 985 1320,856
592,345 1362 1266 1167 1411 155 160 838 497 1139 1603 330 1578 766 557 267 241 1292 1511 765,345
593,1016 1550 923 411 1647 1521 105 538 1330 963 1081 703 1192 530 1300 1547 1436 424 489 373,1016
594,199 153 336 835 718 155 966 1190 149 735 924 1250 321 363 1667 123 185 1017 1658 62,199
595,547 1221 980 229 1357 1457 784 1318 1297 566 1095 1105 252 1529 1228 1629 648 295 1025 716,547
596,181 17 1053 1257 102 1612 899 784 538 808 1182 109 290 1504 627 616 203 1195 655 916,181
597,825 989 624 1287 230 934 7 492 1340 70 1476 379 81 1451 499 876 1268 1468 447 1321,825
598,22 1512 694 776 735 344 1361 235 992 618 496 830 109 560 473 1090 162 897 1349 1329,22
599,546 8 963 384 1593 1012 1259 1353 1466 170 1041 82 997 1261 821 215 1498 1422 869 1357,546
600,450 1495 442 35 1254 1579 308 928 590 1523 597 380 1559 1111 474 213 976 1411 1310 1151,450
601,382 522 1117 1360 729 239 490 911 1340 1115 811 391 881 339 1405 1359 1384 702 471 1508,382
602,117 754 1076 700 1042 1680 1003 1182 84 303 1534 474 1140 1310 1136 1609 701 901 401 867,117
603,216 862 632 186 406 1069 657 557 1137 360 1572 871 534 1253 552 361 431 1112 1136 808,216
604,447 1386 1500 249 673 15 404 986 1617 1185 128 1009 940 583 1607 208 970 574 1331 519,447
605,462 1176 1255 1192 611 44 890 368 642 1162 104 36 1638 271 1269 1323 894 1156 1266 1347,462
606,326 551 249 163 983 1541 657 1416 1301 335 550 489 1028 1290 297 748 1580 948 1652 967,326
607,30 1392 1214 286 331 418 1435 1344 628 153 848 718 1115 1051 209 245 1610 1109 162 206,30
608,76 755 324 1128 271 1672 1417 1058 767 424 1259 154 723 253 724 471 103 650 1639 945,76
609,408 1578 1482 1302 282 314 951 1412 208 752 1377 1534 1569 1641 562 1389 1243 987 1497 805,408
610,673 1050 213 358 398 500 809 901 615 894 1198 1321 666 1476 89 1599 899 1057 339 973,673
611,886 1461 1542 1263 976 94 764 1484 1101 519 367 360 1609 1563 798 1462 156 393 996 1422,886
612,604 1587 992 936 1156 234 1636 1433 216 1482 315 669 244 710 1681 107 985 242 1375 219,604
613,279 399 1100 1265 1296 1126 1002 1498 358 793 1580 1045 1060 587 1374 836 648 1661 710 293,279
614,717 1360 520 906 1244 694 381 1568 390 1187 456 1060 672 503 684 1392 242 269 1560 45,717
615,732 468 1251 1382 1016 1141 405 1423 258 1584 1226 1378 381 1399 850 1117 656 1174 735 913,732
616,937 465 1589 21 421 1307 994 580 1548 114 1604 957 298 686 1233 1617 1034 1564 1084 404,937
617,668 1211 157 1669 1182 593 1311 463 468 792 329 1078 1640 773 806 1535 890 1329 1159 160,668
618,144 975 525 1221 1538 393 1405 1643 1051 1630 1434 983 332 1256 503 954 1493 1220 407 1257,144
619,576 1609 409 1141 1430 1034 85 848 809 472 1673 1523 1226 1447 562 987 517 1323 423 845,576
620,112 1373 947 728 1389 888 344 638 1541 1523 426 925 1173 1449 497 1547 862 610 1514 195,112
621,333 1138 702 651 1663 1195 48 332 1325 300 1050 314 386 133 238 1294 1612 729 158 1584,333
622,1411 1484 108 1274 1603 1452 1531 1653 369 806 898 968 1330 1001 574 326 1661 118 215 305,1411
623,210 229 533 1159 1136 1501 1312 1029 1659 1244 793 695 2 503 527 1078 824 1440 790 944,210
624,312 270 119 734 1301 1664 793 1472 141 1079 1248 224 691 1536 332 1189 340 1542 1650 1028,312
625,385 1508 330 1054 768 48 1142 1475 20 220 862 1319 960 1227 666 1311 1613 1301 305 396,385
626,923 257 716 1655 1209 336 415 22 811 805 383 806 1111 311 819 6 1592 386 331 1386,923
627,541 920 589 216 633 1441 1636 599 1465 714 695 1280 395 315 371 617 622 1161 719 1468,541
628,294 644 841 724 649 1057 615 580 406 643 1128 663 1393 1523 56 226 951 1014 210 906,294
629,729 1506 920 1216 1104 1593 901 1406 478 1102 1095 1498 797 1182 299 1110 1015 1235 191 337,729
630,272 558 1006 38 250 1038 873 90 1386 1301 1366 1607 815 109 1425 450 373 775 1103 131,272
631,886 84 1352 700 1180 200 916 557 598 1242 1129 1420 1510 785 860 1396 669 1441 244 268,886
632,258 314 1354 1376 1451 162 1532 1435 1587 1331 708 1152 1099 1453 1300 1643 415 368 1571 101,258
633,234 542 1547 336 1527 1421 66 829 1484 1174 140 165 443 743 689 1195 1340 411 1272 1026,234
634,269 1366 335 973 1395 1495 1510 219 177 139 47 292 978 509 980 1071 14 1423 885 1300,269
635,1 146 253 586 394 1444 937 1461 34 1354 28 1084 1570 67 1454 1586 1269 522 1537 148,1
636,235 615 788 1371 1441 1299 1042 439 1383 539 1612 693 1250 1106 252 238 1454 660 17 1193,235
637,291 1675 1258 1522 199 708 1222 1515 926 1550 1301 1365 312 484 761 1207 1545 234 1105 269,291
638,523 605 1104 561 1395 879 1562 540 346 1023 807 445 1068 1553 360 330 320 903 1624 1211,523
639,958 1635 335 361 823 1588 697 621 587 1397 1621 1356 1139 1188 37 40 87 75 292 1650,958
640,691 183 1159 84 462 1621 1070 1154 1391 636 1673 531 1539 875 1371 784 404 294 1253 1033,691
641,30 870 1123 1498 1107 74 1146 906 488 216 555 1426 706 392 620 1220 1073 102 1294 691,30
642,815 1095 1422 741 538 10 276 1218 1549 1258 864 675 1522 358 1106 314 1657 223 1119 229,815
643,255 391 353 1001 363 1104 1227 84 392 1074 813 963 287 1606 1140 1193 131 151 705 1380,255
644,255 508 1216 1242 1477 1281 618 1402 966 1026 1101 1134 534 337 1192 1046 1016 1030 87 348,255
645,87 1024 1169 646 1555 562 806 532 77 529 972 163 264 1061 1521 1081 1364 1624 1424 184,87
646,1176 593 1442 930 1004 686 1146 408 543 231 485 901 2 50 382 655 627 1293 453 301,1176
647,73 1208 116 905 323 1471 1376 674 234 1454 531 988 303 1181 1433 1259 692 527 224 501,73
648,563 76 1468 1576 529 1177 400 1109 993 1471 366 138 1194 1654 749 1290 1159 1568 885 813,563
649,254 1221 1612 457 1040 343 18 1193 1457 139 914 943 1613 1494 1672 210 1482 701 1353 1378,254
650,1110 1025 1199 1035 1635 1231 386 1204 1431 546 578 1061 749 609 1333 268 917 60 1659 1680,1110
651,327 1350 679 954 1199 823 812 1160 838 883 861 513 571 1647 319 959 1670 602 496 466,327
652,699 781 582 1148 489 451 58 1445 20 934 26 508 1541 161 376 1571 887 1572 493 8,699
653,245 1462 1603 1662 459 1642 971 964 18 1652 505 1644 752 314 1059 437 1567 1121 1416 584,245
654,269 43 1525 516 1393 447 1574 1132 1639 1078 1440 543 1345 1604 789 991 737 856 1545 1286,269
655,1645 1010 1452 1128 1268 789 839 174 1273 1166 1567 1668 307 1586 389 175 1101 472 1086 1033,1645
656,896 1255 18 1665 289 1245 688 2 1076 1058 1526 1506 809 60 1680 851 68 1651 1463 502,896
657,117 230 1101 584 1092 461 1285 964 498 1468 246 494 1618 1013 1394 37 1208 559 1162 527,117
658,151 1454 456 1096 568 104 945 1245 1037 1162 841 800 1097 1244 679 1310 1563 145 1075 580,151
659,387 928 440 703 1384 1275 171 1378 1015 842 649 1539 605 966 1532 335 978 1383 108 370,387
660,209 613 489 865 606 826 700 336 894 372 1198 494 1600 170 1497 1281 1343 4 445 42,209
661,272 837 229 1253 809 775 1470 347 914 1126 937 1560 1630 996 737 1153 975 886 1373 946,272
662,100 891 966 768 1389 552 1479 575 17 338 461 1397 1432 955 933 1557 1263 383 1452 1144,100
663,187 1196 1280 1054 1184 552 629 369 916 1585 536 1579 1133 548 736 48 947 1328 733 778,187
664,202 448 329 842 1177 992 1222 1553 1475 388 1116 262 1054 669 1021 656 970 1232 1468 691,202
665,315 638 1319 546 245 334 1537 1163 291 1349 352 1209 744 114 123 1570 1092 1620 132 458,315
666,792 772 1277 836 1529 524 1312 170 1586 123 1565 347 994 1243 1359 1125 673 60 1200 741,792
667,660 1209 552 1581 1640 1336 140 1498 1583 571 772 832 391 1320 588 967 44 809 628 864,660
668,354 698 1530 861 369 913 929 831 355 1518 218 955 350 110 313 1366 923 776 1064 790,354
669,82 301 235 1022 1442 1117 1363 1295 1525 980 1407 1496 870 26 110 981 88 1097 1340 316,82
670,191 892 1207 140 580 1394 1632 357 37 145 1538 1332 381 704 576 141 700 119 1058 1473,191
671,255 224 1250 310 498 864 21 772 695 1288 1259 317 1630 1375 687 338 323 625 831 1006,255
672,1061 316 1315 448 1329 688 1139 731 1208 314 576 658 630 1444 835 733 1217 44 478 431,1061
673,79 465 1115 1289 705 1118 707 752 6 1410 1514 1113 1198 222 392 952 868 204 852 296,79
674,111 1204 1595 1626 1085 967 1305 1104 1171 388 320 834 705 387 303 1040 1542 1184 1500 1278,111
675,1101 218 1348 871 1239 197 162 714 1350 193 748 1351 1455 88 82 38 327 1622 234 1674,1101
676,520 1376 1421 1514 879 702 825 213 1256 827 1143 844 646 1378 37 56 725 112 632 119,520
677,101 1545 1306 861 1360 925 961 309 1144 31 376 844 1349 847 279 540 134 127 1090 1336,101
678,117 1515 1084 1179 471 1214 6 451 1237 1577 546 738 1563 271 697 254 224 677 901 627,117
679,73 1101 1303 340 787 1439 813 1656 282 864 1165 140 397 302 1097 760 1036 883 1322 1419,73
680,117 963 264 522 55 540 211 945 560 741 258 833 581 656 1381 1123 353 1432 1263 1672,117
681,289 413 1196 1356 1619 1418 736 1275 1118 943 170 1377 276 783 863 111 330 767 452 1087,289
682,250 850 923 123 1602 266 1338 538 1557 659 99 363 915 1476 1675 1413 838 1613 910 207,250
683,248 111 488 655 561 501 232 293 1127 96 888 1238 1388 596 1579 224 739 541 963 1050,248
684,49 639 1337 855 548 1105 873 379 1195 1635 440 513 1114 824 352 1474 40 1150 203 1414,49
686,181 1625 277 639 566 100 799 227 945 1076 376 1400 459 1097 1084 115 1419 1133 203 95,181
687,678 923 253 287 399 1388 602 1487 1109 450 1654 676 1013 1157 142 970 351 541 1503 916,678
688,877 182 1225 217 402 301 1412 1202 370 1440 977 907 272 864 317 1050 1429 531 64 725,877
689,328 974 1014 1023 335 1242 1590 1137 1074 116 1610 82 274 329 1351 498 159 1127 717 226,328
690,197 797 350 331 723 1070 570 860 693 961 246 427 760 167 1054 297 425 183 886 1419,197
691,205 1400 1616 389 592 566 289 207 480 1604 1517 1038 1596 482 296 1460 361 1153 1119 791,205
692,412 1584 1015 551 82 626 32 1525 691 440 1570 878 406 40 1140 1611 1473 507 811 472,412
693,313 82 1215 400 210 1221 1359 325 1313 1051 624 952 1554 1505 1086 661 863 1578 1433 1015,313
694,179 595 841 819 198 717 886 1115 1026 79 1682 170 607 1052 1668 236 377 1498 1341 1557,179
695,678 1096 1367 702 1450 1452 1197 73 221 701 1541 1395 1392 1247 1577 971 369 1056 330 935,678
696,285 445 493 536 1309 112 1259 1626 961 633 56 848 1256 1320 1580 123 665 411 426 114,285
697,246 477 1287 502 1393 1433 1661 1565 920 321 924 433 934 368 939 1361 1658 1607 593 1244,246
698,512 893 1346 1631 188 78 1362 484 825 1340 444 561 1485 1086 1272 419 1669 831 746 441,512
699,270 1180 160 1077 801 744 1586 1164 272 582 1358 788 411 1379 1321 1444 1388 896 1465 1235,270
700,318 979 522 1628 264 807 482 1352 1380 1438 1143 250 2 1248 1337 1064 864 621 795 1155,318
701,275 530 792 474 1676 813 1667 1135 675 5 1539 163 841 1258 448 858 1615 1452 1533 742,275
702,222 1092 1194 971 473 889 937 987 588 1427 1118 177 1402 1676 1043 1624 167 946 1261 1047,222
703,121 454 1154 1643 96 750 1292 45 1294 652 1158 1016 119 1519 733 789 88 1114 1278 384,121
704,131 1100 397 1387 617 1073 92 1031 1616 535 461 1055 1557 1607 1192 1258 555 1282 811 593,131
705,196 474 67 1015 1424 1241 941 304 1396 1108 40 1270 1349 1509 435 105 1164 673 1393 818,196
706,237 341 1204 405 1112 534 1086 1239 873 1397 506 1164 868 667 365 963 425 1549 1421 100,237
707,902 504 21 1553 668 1005 967 210 996 945 559 1415 407 1225 761 1446 961 1640 71 1255,902
708,126 1135 707 1250 536 1009 553 225 810 1599 1287 1334 564 1426 617 609 226 614 186 240,126
709,203 1166 1167 682 102 557 509 1521 864 1480 1257 131 1023 189 1577 1527 1635 1213 358 530,203
710,346 216 77 1398 1520 251 1105 822 758 300 147 1673 1171 1320 813 368 909 90 400 1526,346
711,316 337 833 1591 468 1447 1033 1030 607 270 953 1130 105 938 1394 1630 1219 262 210 543,316
712,142 724 447 1088 1388 1285 426 1052 778 1150 1654 877 487 297 1078 823 312 1323 864 1105,142
713,347 20 569 1132 728 237 307 764 11 1225 668 5 331 1424 358 1352 925 355 1015 1114,347
714,300 675 1171 456 374 984 42 836 1254 158 549 1511 1619 292 163 1310 619 699 1278 701,300
715,193 1344 529 393 1668 873 1106 1338 1051 842 819 1356 697 528 1225 642 845 145 846 1429,193
716,141 1260 1070 1641 1588 600 454 1169 635 654 464 461 1017 530 537 666 400 466 1493 762,141
717,127 98 294 1562 643 970 415 1406 1191 949 70 352 1021 84 1012 369 498 409 579 421,127
718,751 1475 1134 1294 735 745 228 709 214 661 3 571 909 1221 873 117 154 373 1514 966,751
719,220 1575 1557 1166 217 105 1568 1531 1041 287 196 1407 55 662 169 1218 950 1510 1678 440,220
720,902 1434 1475 3 1531 1383 525 368 488 1443 684 677 456 1252 236 1229 1053 970 370 1467,902
721,204 238 65 442 1468 1099 551 129 1041 20 1028 1397 1111 304 598 1475 241 218 353 1211,204
722,130 979 867 238 661 1384 1234 502 327 1587 269 418 1167 484 308 1205 1669 851 1588 465,130
723,164 136 929 319 1401 380 1076 1615 347 341 1519 1072 417 580 415 386 1207 251 1619 762,164
724,895 1596 570 545 996 865 1630 1079 1311 481 228 762 997 54 801 670 709 894 1015 1135,895
725,328 1635 1118 759 1185 850 116 1356 136 859 727 755 676 958 838 896 955 309 365 803,328
726,1 1421 1154 984 284 119 122 1490 183 65 312 1159 227 1664 1592 1440 469 804 1033 1031,1
727,982 895 386 1362 602 441 1041 995 1060 417 880 302 305 1168 1280 500 1331 535 1449 93,982
728,285 904 1433 1074 618 1442 894 1005 643 1271 1403 1091 192 703 728 1243 751 995 357 339,285
729,272 179 799 204 711 1448 1675 1406 149 1172 129 702 1667 834 1421 301 611 1427 626 286,272
730,257 1406 1654 259 1345 300 1479 237 1176 242 1049 256 1632 1435 28 1108 1670 684 1352 643,257
731,480 245 768 443 737 1591 749 1631 154 1419 870 1187 678 1052 1311 1221 752 233 792 1468,480
732,288 1020 1544 875 1256 1117 961 375 557 84 1551 743 1374 277 1010 1484 411 462 577 1360,288
733,1338 914 835 1038 1522 289 1293 1385 173 1675 1148 158 984 1571 644 579 1616 807 501 1357,1338
734,121 662 882 963 1280 1417 1635 611 718 414 840 780 1138 967 1531 1671 326 362 952 690,121
735,298 856 688 1121 284 39 1589 1025 400 783 170 1051 903 742 5 158 662 652 759 831,298
736,253 813 1009 551 603 1413 495 1172 1651 5 443 1632 1494 1212 173 1203 1517 187 666 213,253
737,175 1591 747 10 1478 611 1270 375 1582 253 1391 1514 1679 268 1173 832 604 754 829 337,175
738,136 1317 630 793 876 1299 1071 860 317 810 1506 1300 923 1450 752 1037 684 563 541 1385,136
739,187 2 1379 460 1542 229 902 254 476 847 6 780 350 1390 555 1548 1620 388 910 1552,187
740,1038 940 125 398 1527 936 801 627 871 116 859 387 54 823 271 1178 715 1496 32 988,1038
741,283 613 1320 904 965 514 855 1337 1428 476 1196 110 947 367 612 994 1378 1137 203 1375,283
742,237 1020 843 629 1103 919 501 762 1656 1623 370 1041 880 937 1218 982 1428 377 21 808,237
743,9 1405 969 1044 549 756 232 1633 1598 180 188 1504 871 772 394 494 1624 12 895 637,9
744,1 764 440 1160 1587 209 21 445 854 1068 455 438 148 777 1439 499 1500 944 230 1533,1
745,10 902 1067 282 261 1225 1093 1422 932 1187 665 988 509 237 329 1410 496 432 1356 270,10
746,64 1376 519 1567 1445 1443 620 212 1020 489 945 349 951 1161 1266 1111 6 1356 300 636,64
747,672 814 1526 126 1489 1120 1028 697 1251 972 1367 311 808 49 125 721 1065 1365 950 944,672
748,199 116 471 44 1071 568 1216 366 109 796 524 622 936 613 1163 399 122 83 680 927,199
749,620 704 138 1070 712 922 846 1527 1503 1410 864 869 382 601 1352 1609 259 707 477 1237,620
750,331 1548 739 768 1032 1507 257 1513 552 141 2 1625 1302 184 403 993 1518 1459 574 63,331
751,738 211 183 1613 1221 843 682 1029 305 459 260 370 648 34 197 1501 1435 462 219 1085,738
752,589 246 189 543 855 1589 322 1477 813 61 915 1118 767 1640 846 1279 214 478 103 668,589
753,64 1063 1503 1010 90 1616 1662 266 165 1111 629 1027 879 1364 121 246 371 231 326 1164,64
754,291 515 1534 136 373 787 210 1413 1682 5 1097 992 1189 1076 828 353 1027 652 1567 430,291
755,748 923 101 410 700 1528 1295 1513 228 973 331 665 949 1045 1035 798 1428 1054 470 877,748
756,55 328 1013 1057 1430 1429 282 1637 940 238 348 1351 341 270 1045 274 574 818 1492 840,55
757,168 1411 399 348 392 1105 167 1129 1031 1057 1611 400 856 798 1626 1353 1352 591 1497 963,168
758,902 1162 928 771 658 513 314 872 1027 953 1633 1301 497 1136 877 397 304 674 229 1523,902
759,281 627 490 1375 179 453 1214 1361 100 1461 342 1027 495 643 834 53 1267 1117 1591 1589,281
760,375 925 915 671 579 1417 24 896 1591 33 1395 1305 1115 1168 237 745 921 1214 846 486,375
761,125 525 270 1241 116 384 262 1015 1673 73 320 1303 642 1577 1328 909 405 848 1356 389,125
762,421 458 656 1525 257 1188 1038 87 83 1376 1277 719 740 912 1656 1259 485 119 1147 1013,421
763,1039 192 1336 594 1167 608 1200 732 139 1560 1434 1586 604 1201 623 791 1144 1423 840 627,1039
764,14 1390 1260 797 784 431 1328 1232 343 232 841 544 779 686 774 545 1680 240 1263 996,14
765,507 198 1110 188 984 930 880 469 993 1632 574 546 1016 485 1161 799 126 1672 1580 495,507
766,559 1675 724 939 237 190 1575 1173 545 607 1 1447 1259 662 92 79 83 728 697 1312,559
767,615 852 1526 647 1364 563 592 232 45 630 800 612 13 337 350 1528 909 842 898 635,615
768,255 871 1045 319 180 731 949 251 767 161 1232 1625 411 36 74 926 270 286 1079 1393,255
769,934 766 1307 190 678 756 390 1505 1415 1162 992 806 434 301 697 863 550 1434 1008 119,934
770,937 1264 1234 483 1299 985 1533 733 554 1204 1663 217 1170 248 560 338 1394 1180 900 1348,937
771,892 221 1506 1399 1299 1371 27 1082 1564 363 1623 1277 666 712 859 38 1525 1553 903 1376,892
772,312 902 1289 815 686 1217 254 662 1278 1156 1200 834 755 276 822 938 577 275 349 1547,312
773,1555 501 720 661 1539 218 1459 303 1099 1554 1374 1559 36 754 647 122 1451 369 871 943,1555
774,219 732 1439 1638 643 467 1559 1004 889 1065 844 1631 635 317 446 1093 1113 1400 1207 448,219
775,264 36 1651 505 1357 1635 1327 434 421 861 849 147 641 130 1358 1061 812 213 515 104,264
776,661 31 1054 392 968 1131 336 566 1606 512 1335 884 711 1087 1489 1421 1016 87 389 891,661
777,652 1431 801 348 281 807 1601 840 291 1576 251 114 445 640 412 1565 712 597 1323 713,652
778,262 1592 290 470 331 856 1157 1665 1343 1648 171 413 662 1372 261 508 1094 1378 1140 1336,262
779,225 932 1178 457 443 885 137 423 1302 1398 647 1587 129 539 1139 40 313 606 1026 1325,225
780,385 848 367 736 523 189 920 144 1058 388 23 1420 155 417 1123 1132 1591 1069 1173 930,385
781,135 917 843 158 1119 33 16 227 468 914 251 456 670 316 1634 566 563 1104 654 1176,135
782,1662 138 1537 1168 537 567 764 1573 1361 1052 412 1421 1589 623 774 833 1143 773 574 1651,1662
783,895 1015 1455 675 202 1538 1465 1176 562 1354 1276 60 1152 609 2 1548 352 841 275 398,895
784,898 1499 821 1186 681 472 1082 233 1360 1220 425 1539 59 294 1193 939 1347 1378 496 1507,898
785,152 247 173 969 705 144 543 607 1052 1229 418 943 104 764 1515 745 1146 689 1003 1299,152
786,289 1234 140 1386 162 32 1074 1162 22 257 1325 1556 1251 105 679 706 968 45 1348 1244,289
787,329 1256 700 1015 653 539 1417 1315 1006 1626 1540 1077 29 481 1310 1301 369 1271 45 666,329
788,662 1101 889 579 430 553 1640 1298 1125 924 973 906 1384 605 1305 1024 1478 717 39 855,662
789,181 422 187 456 1190 1415 1194 1200 1042 821 1155 225 1669 1133 1428 390 519 304 1424 1457,181
790,250 415 59 1435 1113 1166 186 754 1037 1359 1273 539 225 1577 1382 1034 530 1516 1650 1512,250
791,181 1196 158 999 1267 750 637 1581 871 437 1679 1656 305 775 325 570 919 225 526 1307,181
792,544 341 223 896 1294 1187 560 547 1386 454 1296 1205 1240 919 1291 379 1239 878 483 1359,544
793,591 1604 110 1372 769 186 1121 476 1108 1438 1609 1075 932 562 1498 1260 384 1446 940 1588,591
794,248 1176 401 642 703 1116 1677 1602 1316 1190 203 1175 627 1106 374 1266 1179 1461 1069 1264,248
795,1 486 756 858 36 1374 1649 66 1638 827 299 674 1596 519 440 749 1053 531 678 1399,1
796,485 1242 1511 1652 1040 1185 348 529 1590 1132 128 1243 1456 163 858 460 1423 1440 594 1226,485
797,781 671 1405 1151 737 796 1658 347 859 812 1509 1082 1203 847 1368 502 873 1232 814 339,781
798,270 1150 773 285 201 706 593 852 1224 861 1400 1095 1031 1181 1232 1352 766 1608 1585 11,270
799,427 1607 11 795 1163 1101 1385 361 470 911 184 1537 370 1462 885 1460 883 242 916 315,427
800,237 346 1453 1474 881 1466 510 932 7 590 89 1622 944 393 1194 1002 413 923 416 1382,237
801,358 1346 668 39 233 398 863 800 112 1126 818 659 607 1433 716 582 610 1335 970 1449,358
802,413 1528 952 1224 389 438 789 909 1636 812 1659 1192 1219 1223 820 1196 1399 220 1649 350,413
803,307 760 224 200 347 1669 656 1682 1378 1359 669 1402 1599 1289 1411 769 972 34 869 677,307
804,363 1351 1038 1459 1054 819 1403 1425 101 892 1676 1219 1372 745 394 1558 1354 1548 1333 267,363
805,352 114 1522 439 646 1230 1299 35 329 959 299 1394 87 672 1096 1407 1033 103 1453 76,352
806,131 1172 1113 1134 967 93 1609 931 344 1243 1665 696 282 693 397 243 418 19 1469 1581,131
807,254 642 1366 698 1186 12 1162 1560 585 1118 1500 1294 954 404 291 1556 1457 76 1516 1223,254
808,346 315 647 469 345 391 596 133 172 722 465 248 663 237 522 743 1175 661 1071 605,346
809,299 21 444 919 1059 1413 1115 1181 1542 43 542 161 14 1272 83 1651 925 108 102 883,299
810,326 228 378 1450 997 1175 100 1411 590 1651 1630 1583 583 1653 153 614 945 821 802 232,326
811,901 1487 1512 105 272 1316 1153 935 74 1211 344 245 785 1425 668 1390 1121 87 1277 1294,901
812,873 1490 1331 738 1457 940 1657 946 696 102 977 1636 1029 798 676 61 910 58 361 778,873
813,890 580 592 1587 1106 468 1145 1311 673 339 618 83 1259 202 852 682 1180 220 1294 1201,890
814,665 771 1532 487 1065 546 359 529 274 836 322 206 1094 198 1617 814 1456 851 908 1347,665
815,427 375 1655 628 901 928 207 1085 1311 1220 1250 579 1615 646 55 1146 333 1313 156 818,427
816,294 1121 1184 301 183 1215 1356 1030 1160 379 1068 1055 499 375 347 1155 56 502 1099 69,294
817,281 1333 425 1284 556 796 184 188 278 600 801 1513 941 901 442 1580 341 371 978 1127,281
818,887 547 1532 525 775 795 518 139 1680 537 1620 1483 1188 1226 566 1170 827 881 1027 379,887
819,315 335 1093 650 714 1580 1321 1295 430 1484 1303 539 298 1374 1658 635 806 350 1576 1502,315
820,343 1006 373 300 1286 62 767 781 639 388 682 1521 1485 1306 412 453 1210 106 1406 1568,343
821,71 910 633 1491 1079 8 1219 1480 906 1540 1388 201 381 296 1047 434 798 136 1342 1649,71
822,111 1456 1180 1298 726 462 645 389 13 354 1153 65 383 1642 1243 1539 576 29 1318 643,111
823,17 687 331 1085 403 1629 682 1049 934 1359 519 1263 1414 677 1435 220 1422 1364 258 716,17
824,325 425 11 1377 999 162 1370 1362 592 982 1111 70 1450 481 181 785 22 669 221 68,325
825,286 189 1378 805 1345 130 56 729 351 1433 43 526 1648 1173 1246 102 1157 442 1037 23,286
826,1110 1645 630 367 1571 795 1610 1670 1639 1419 317 647 1317 864 1097 836 919 462 1643 635,1110
827,272 1046 1437 373 465 261 429 1641 1513 386 38 858 562 129 188 1159 1372 155 1382 1347,272
828,1646 1442 540 825 607 543 203 1598 1457 615 1296 454 592 35 1093 1368 898 993 1488 830,1646
829,124 998 924 1197 363 123 81 501 1442 677 1143 878 58 667 1418 1061 787 1495 284 135,124
830,49 854 1021 1550 1480 1377 640 862 305 1270 408 1630 532 1131 1238 994 1011 14 527 810,49
831,237 1252 74 896 224 613 85 427 367 825 422 1270 622 579 76 256 610 163 1027 192,237
832,471 437 1091 13 541 1392 815 234 1085 164 1265 1587 1677 264 310 550 855 1204 528 469,471
833,344 1669 1658 603 644 1319 864 435 412 138 1408 353 391 535 1240 267 533 83 1664 1145,344
834,762 423 1549 81 1071 1661 443 189 1020 1055 1019 1150 739 38 295 42 1076 802 1456 689,762
835,23 148 739 1563 1414 164 1295 617 1418 1021 1586 524 761 651 1313 1653 659 1308 1175 694,23
836,663 139 1102 309 995 1374 1059 555 1037 704 153 1123 467 971 1485 251 1203 904 1213 1354,663
837,845 1211 1549 242 880 991 918 1182 697 1217 467 722 1412 225 658 601 1264 556 1380 933,845
838,354 947 759 848 606 141 864 122 506 1139 1649 823 883 622 826 1616 638 1068 1497 65,354
839,1085 275 291 1556 739 1490 1238 805 856 666 591 1024 335 1326 301 1220 1336 1425 880 1603,1085
840,1674 1200 335 455 226 1024 1237 909 1211 857 1648 1246 1107 1308 1234 1026 1135 1002 456 999,1674
841,1294 198 1400 1468 418 1634 1491 62 568 1666 358 477 956 1523 1031 1273 588 1353 1338 1341,1294
842,902 79 462 1417 863 1430 1567 1507 1114 1555 758 646 564 533 558 388 481 673 40 765,902
843,135 820 1443 1498 294 1263 806 1245 729 1013 104 486 1298 209 743 1160 102 769 401 423,135
844,432 309 1241 1603 798 185 442 1180 1228 1338 351 504 358 1441 781 564 1238 926 419 1591,432
845,909 879 1404 1316 825 1518 1182 1498 394 1321 834 416 1511 11 1039 367 132 778 549 855,909
846,1044 283 1681 1287 158 1497 925 1633 621 1054 62 1424 1646 336 690 137 1193 830 171 895,1044
847,79 294 1180 763 725 1575 1651 1613 410 603 409 511 108 710 567 1669 785 1545 556 1517,79
848,214 392 1075 1339 696 525 1016 777 1308 212 631 1304 702 656 378 681 1632 1482 688 441,214
849,133 1153 1291 1060 111 1570 1501 650 1273 1357 1597 1472 1106 1328 1303 644 1643 619 300 1097,133
850,22 574 687 943 876 311 1199 1155 714 929 72 1541 1452 1671 840 1427 1370 1317 1281 1112,22
851,915 149 827 810 1244 479 914 21 1256 1242 782 292 874 535 1489 983 140 1573 179 1435,915
852,568 1032 688 971 377 747 500 452 1071 346 1316 1468 901 143 696 811 926 1436 534 344,568
853,1025 76 689 65 437 534 707 713 420 670 239 343 1587 382 728 493 1517 1235 170 1592,1025
854,49 1297 353 710 1518 453 198 1224 407 1168 949 399 833 1290 1651 37 688 733 828 818,49
855,529 1073 1518 546 762 813 933 832 980 39 645 730 1472 766 826 552 1551 964 679 137,529
856,322 1350 1383 1228 2 1359 1372 231 1552 1369 1307 910 1680 1423 1054 1411 800 1580 1457 1440,322
857,275 1196 1351 1146 784 450 1018 1042 895 30 1139 69 1490 1309 252 1219 694 626 638 310,275
858,334 4 1136 554 411 1244 1299 242 79 402 263 1150 624 1406 126 865 1578 1620 233 144,334
859,421 939 875 168 1373 587 729 1457 1460 87 240 985 1575 1203 970 1516 477 232 830 454,421
860,312 794 1297 962 785 611 1090 1479 390 1196 299 125 1358 1450 1389 564 924 291 46 1566,312
861,949 332 1342 1049 781 1206 46 596 982 1139 118 383 989 1553 1284 1625 310 605 1624 1610,949
862,436 851 1177 1520 306 935 950 1015 946 601 1495 29 746 104 313 285 527 698 611 107,436
863,1431 1449 788 421 1451 1323 490 208 499 1030 127 137 625 1592 620 367 670 845 1182 1422,1431
864,257 41 1541 803 1447 744 767 704 918 1223 119 1303 1642 1064 1568 321 1559 1117 944 737,257
865,294 437 627 178 1008 1397 412 458 1542 864 81 863 508 1301 882 1415 492 1558 110 958,294
866,319 561 97 1484 217 1035 29 923 131 816 1458 1052 1269 165 1535 138 1519 207 1070 925,319
867,956 751 1152 1023 1665 1223 1248 834 1129 1451 1008 875 1587 1329 1570 1285 517 710 1066 1371,956
868,550 11 1529 32 1605 1268 584 582 1248 1225 58 986 1071 1352 17 1552 843 105 1163 1326,550
869,249 1528 1491 110 326 874 1272 709 152 1632 495 1138 181 218 977 1206 118 1151 1364 351,249
870,272 1032 667 1473 1174 273 1493 1567 722 285 684 1233 1290 860 864 548 1242 18 390 1010,272
871,781 33 1606 928 198 170 567 261 263 1543 748 1123 907 693 499 1515 544 1619 1241 234,781
872,476 500 12 150 1198 664 366 1275 751 1060 1039 1026 1355 1513 269 365 1375 421 578 1454,476
873,328 1418 1576 632 286 779 376 312 1648 561 841 787 88 1670 1293 550 1431 579 220 794,328
874,654 15 1418 1361 888 783 1320 458 768 805 879 803 579 1316 683 1480 358 741 110 1454,654
875,23 1571 248 609 228 797 1565 1385 1469 662 847 1327 7 1489 1247 936 31 952 680 687,23
876,531 403 428 845 1566 253 1104 873 730 1330 592 448 471 120 1560 539 1200 1289 965 1237,531
877,164 1211 1079 996 291 215 929 242 314 1525 1449 1536 1159 1399 976 1161 1437 1662 1648 1188,164
878,530 422 647 114 914 1167 1104 856 771 209 246 1257 137 1635 797 469 1078 735 48 1125,530
879,111 1222 3 451 690 616 1088 106 378 474 1378 659 21 1082 498 1534 131 299 345 637,111
880,815 576 1403 164 402 572 524 163 1268 155 1452 983 1418 1481 72 1454 890 1057 903 1216,815
881,409 1065 1500 403 1641 744 1672 16 475 209 1181 425 1342 825 898 544 1636 968 981 44,409
882,969 465 638 537 452 911 1654 507 1044 1655 769 279 1329 1575 1606 642 395 1384 127 474,969
883,752 1487 74 1549 1569 1148 1532 1476 147 52 798 723 759 576 264 359 946 1250 1681 983,752
884,381 739 286 1263 94 1546 1130 1093 1140 811 702 1061 1555 717 683 657 534 723 377 1224,381
885,143 372 1003 995 387 1285 1523 326 1652 1126 586 981 544 896 621 1139 517 288 1477 1431,143
886,1014 860 492 35 1524 1057 1313 292 1016 1433 45 793 160 638 459 1336 627 546 421 362,1014
887,1029 686 45 476 495 1303 1407 1009 570 1216 127 15 824 1002 1161 5 438 469 1150 1309,1029
888,274 436 92 1493 233 1600 672 1346 1584 799 848 887 1652 1288 773 578 49 1270 597 42,274
889,217 876 921 119 303 105 610 108 624 1303 1190 1344 1429 548 1103 1187 922 1484 1144 1099,217
890,1149 1342 1117 1372 770 303 835 846 84 857 270 1664 625 886 59 1611 825 350 721 1257,1149
891,471 922 1240 1255 1043 872 951 361 1572 1203 326 1605 1562 653 953 431 1344 1402 1302 1592,471
892,5 814 607 1127 269 1161 961 1270 583 1369 1069 1291 129 528 1060 1639 539 1176 450 1214,5
893,96 1338 1170 1455 1171 372 167 558 447 873 293 285 1571 1294 893 1108 1432 111 481 617,96
894,904 354 478 1241 1224 544 598 826 916 1421 918 1585 615 255 1648 861 900 520 44 770,904
895,742 928 1240 616 316 505 1316 733 214 1486 1054 1537 1403 286 1598 55 1170 31 847 948,742
896,176 1090 1583 1342 724 857 1423 878 352 382 900 945 1097 1568 1523 396 1029 580 272 1546,176
897,646 570 1039 31 1401 682 985 756 1283 1060 1064 667 40 2 119 171 724 4 834 1258,646
898,1296 704 1237 682 1395 223 414 1288 52 1205 1023 18 35 279 29 1591 988 956 1315 157,1296
899,724 1170 1390 1277 658 1250 648 281 1613 1245 90 1062 288 1282 757 907 636 330 1395 24,724
900,618 221 668 711 1209 188 692 16 757 832 1404 1218 249 1614 833 1457 500 210 301 282,618
901,864 274 1030 751 791 182 808 1647 1642 446 1283 1670 375 949 403 1335 978 725 397 1576,864
902,79 1191 1392 1628 276 826 1511 715 168 1481 396 679 1027 1675 1102 81 954 754 576 162,79
903,528 1372 330 638 1134 232 418 1544 1145 371 1563 1196 922 539 1076 941 905 583 1264 682,528
904,603 1457 1119 947 334 620 1378 47 1660 1533 847 634 1371 1340 753 432 1379 422 28 489,603
905,458 699 1551 1327 977 236 746 495 722 226 1651 1517 624 1457 380 496 1317 595 371 1507,458
906,696 1495 36 105 1357 1325 1008 1275 206 1563 893 1501 3 1351 1613 1588 515 839 1366 702,696
907,129 69 435 552 335 211 493 81 1642 1200 717 103 1164 972 1599 1656 665 1635 1456 372,129
908,631 335 1462 1610 918 325 1338 990 659 1399 1578 1430 1382 312 1268 626 13 1295 384 1561,631
909,14 1173 928 989 1299 697 850 1277 40 1415 307 344 1356 473 85 1000 644 392 438 195,14
910,1012 828 1400 445 1551 817 562 322 1227 71 1405 1419 1539 342 1669 924 346 262 1071 369,1012
911,197 699 326 1517 14 944 661 1059 1458 472 418 1001 1054 881 15 817 1595 839 952 1364,197
912,15 239 257 1625 1175 1481 679 972 321 671 652 821 631 1545 1335 1574 484 1398 1092 1140,15
913,258 339 706 965 1184 721 1427 1312 31 1498 1398 424 500 1133 184 1328 1532 1672 691 1043,258
914,402 496 615 762 893 436 339 1649 1452 998 677 220 1446 790 987 162 1199 1060 18 1409,402
915,347 1271 853 1455 882 1164 1111 806 428 267 554 1050 1411 817 716 624 768 812 1260 864,347
916,190 1532 1580 1669 507 841 878 109 256 466 1160 1057 1182 453 788 291 45 1671 472 587,190
917,628 203 1292 990 258 80 637 99 957 1109 1214 147 1181 1504 1359 619 1289 807 411 1610,628
918,143 354 1635 1329 932 307 376 325 589 1272 579 652 1239 1575 1267 800 593 352 1103 489,143
919,305 441 781 1167 1191 1460 463 1209 359 1546 1036 56 413 597 1595 648 1122 32 345 1384,305
920,347 1440 295 485 1384 619 781 1096 1063 195 1651 930 1395 1452 142 575 744 1285 597 1052,347
921,526 410 408 361 882 1605 1190 120 642 158 1569 209 769 991 1524 1533 108 123 13 579,526
922,257 1563 150 1538 214 16 1593 1273 806 1632 778 1492 123 289 1622 1028 73 686 1302 1598,257
923,168 620 816 984 213 210 306 643 1519 608 1226 73 1199 1567 566 1323 1037 613 227 1556,168
924,129 1161 142 524 1298 147 140 261 898 466 665 1250 1023 1518 916 239 398 922 220 1102,129
925,5 1057 124 854 186 1257 1047 787 105 144 502 1274 1368 705 1167 139 1437 690 381 494,5
926,258 1268 980 522 648 1110 615 238 526 1258 1122 1246 841 361 466 267 527 454 1627 241,258
927,742 1301 1406 434 332 1252 473 486 1574 700 348 716 14 1028 271 1037 1588 1497 830 615,742
928,246 391 379 1064 92 1122 946 126 1051 210 115 1438 887 1073 988 1255 104 777 1243 1144,246
929,56 500 809 341 33 858 1582 97 191 751 87 853 196 1595 1292 989 336 877 1116 690,56
930,709 135 290 1448 1608 508 799 1039 990 437 941 159 1517 1550 625 1349 1020 858 1284 1653,709
931,315 922 571 33 1364 636 520 1024 842 773 1501 865 1419 43 752 207 1604 525 641 122,315
932,357 1319 1425 814 1428 1295 1031 118 537 372 310 233 1313 1495 820 1360 323 599 264 1153,357
933,186 250 1548 643 887 1064 750 513 720 602 941 119 1542 1277 1430 1416 547 1564 244 603,186
934,153 1317 1050 1271 116 696 387 994 1112 1587 1251 596 1653 1195 424 448 937 770 443 1071,153
935,846 662 346 1302 984 1175 1297 417 1466 1377 1553 1625 619 1224 163 1167 379 863 1088 660,846
936,255 280 797 1486 1255 1443 1408 1459 1277 140 1105 993 1133 1424 860 41 493 626 301 1087,255
937,295 260 483 550 1498 233 743 571 883 734 1120 206 48 24 1 1065 1402 776 707 19,295
938,225 869 1216 1188 198 1117 573 1079 536 764 513 336 1051 148 389 507 1421 265 470 1338,225
939,1051 965 338 1421 1091 770 898 1395 1552 685 792 1455 1533 1001 51 655 1309 103 1478 564,1051
940,316 1531 951 1544 762 70 55 1133 602 674 1026 818 1553 1208 1307 912 1169 1656 933 1562,316
941,1 729 517 1661 848 255 992 115 80 714 521 566 74 1349 1668 687 1132 325 834 949,1
942,662 354 356 1433 1574 76 1453 450 1526 846 561 618 679 185 342 804 136 509 263 533,662
943,840 1010 540 134 350 309 1189 1102 947 207 622 448 1615 432 279 213 767 594 635 1581,840
